repo_id,count,repo_name
193484478,1058,gzgz/88
231043551,242,gzgzg2/Project_itmoa
161562920,160,netlify-labs/functions-site
80945428,145,nestjs/nest
41636424,77,netbootxyz/netboot.xyz
29514104,70,netlify/netlify-cms
219324014,70,nestjsx/automapper
172067441,63,nerdmax/spa-github-pages-cli
145966530,54,nestjs/terminus
231489005,53,netbootxyz/asset-mirror
125915993,53,neutrons/PyRS
122792671,50,nestjs/bull
114387739,48,nestjs/mongoose
197681479,47,nervosnetwork-dependabot/ckb
226656639,45,nestjs/config
34949876,45,netroby/gosense
190817160,45,netlify/build
220742509,45,netbootxyz/debian-squash
212601166,42,netfoundry/ziti-sdk-c
114386962,42,nestjs/graphql
227846073,41,nestjs/schedule
105440153,41,nestjs/swagger
114304549,40,nestjs/typeorm
151213103,40,nerdmax/html-webpack-change-assets-extension-plugin
169393501,39,nerdmax/word-counting
222730181,37,netfoundry/ziti-edge
143860032,37,netguru/baby-monitor-client-android
138471435,36,nestjs/jwt
231765328,36,gzelek8/IO-ProjectJozin
219400535,36,netbootxyz/ubuntu-squash
197681592,35,nervosnetwork-dependabot/ckb-cli
165770137,35,nervosnetwork/neuron
192062777,35,nervosnetwork/ckb-explorer-frontend
205937577,35,nestjs/azure-database
207896281,34,nestjs/serverless-core
90481984,33,nestjs/cqrs
208232366,32,nestjs/azure-serverless
102685472,29,netlify-templates/one-click-hugo-cms
139561270,29,nestjsx/nestjs-amqp
158225088,29,nervosnetwork/ckb
198812637,29,nestjs/azure-func-http
192709413,28,nestjs/azure-storage
234184337,27,netflex-sdk/query-builder
149779462,27,nestjs/ng-universal
52796596,27,netbox-community/netbox
131498681,26,nestjs/passport
197449280,26,nestjs/serve-static
132156953,26,neuromation/platform-client-python
168328947,26,nestjsx/nestjs-typeorm-paginate
91367908,25,nestjs/nest-cli
226072349,25,gzfrozen/blog_site
138471273,25,nestjs/elasticsearch
165630654,24,netigenkluzowicz/api_android
203552891,24,netcloth/netcloth-chain
132876305,24,nesrineabdmouleh/PrestaShop
111194705,23,nestjs/docs.nestjs.com
147189112,22,netguru/baby-monitor-client-ios
27645417,22,netstim/leaddbs
100426797,22,netlify-templates/gatsby-starter-netlify-cms
233665180,22,neumannalex/alexander-neumann.api
189396048,21,neptune-ai/docs
189396048,21,neptune-ml/docs
71627569,21,neuronsimulator/nrn
199535000,19,nestjs-addons/in-memory-db
122749858,18,nestjsx/nestjs-config
19157620,18,netlify/staticgen
122321335,17,nestjs/schematics
144406190,17,neuralknight/frontend
62660511,17,netlify-templates/victor-hugo
233828382,17,nertpinx/manageiq-v2v-conversion_host
161222111,17,netonjm/FigmaSharp
229625128,17,gzhangx/bibleTrain
1064563,17,netty/netty
14925025,17,gzm0/scala-js
219656903,16,gzc-seu/Java
196633206,16,netsage-project/netsage-grafana-configs
202566642,16,nest-bots/bot-platform
139114933,16,nerdsofalltrades/micro-typescript-jest-prettier-boilerplate
236208651,16,neurolib-dev/neurolib
189501606,15,neutronjs/neutron
189501606,15,neutronjs/neutron-cli
135463122,15,nerves-networking/vintage_net
20361729,15,neuropoly/spinalcordtoolbox
207085375,14,gzavodov/otus-go
232910599,14,netbeez/speedtest-cli
189605397,14,nerves-networking/vintage_net_wizard
223431735,14,netfoundry/ziti-cmd
222730242,14,netfoundry/ziti-sdk-golang
232765344,14,gzhqiang/data-structure-javascript
67794772,14,nerdlabs/react-docgen-displayname-handler
145466130,14,neovatar/aws-cli
221569344,13,netfoundry/ziti-foundation
230760059,13,nestorrojas07/demo-reservation
78140834,13,netlify/headlesscms.org
95122456,13,gzg1984/NTFS-defused
228816565,13,gzl118/YLQX
170117229,13,neptune-ai/neptune-client
170117229,13,neptune-ml/neptune-client
6814383,13,networking/init-cms-bundle
147491459,12,netgusto/nodebook
93717896,12,netil/billboard.js
130145773,12,netstart/parapasa
222971952,12,netliferesearch/somm
154233000,12,gziegler/SetariaGWASPipeline
228504673,12,gzavaglia/contactbook
235085744,12,gzhqiang/interview-js
88978363,12,netbox-community/netbox-docker
204585942,12,neuromation/cookiecutter-neuro-project
94588639,12,neuronets/nobrainer
236923210,12,gzg1023/gzg1023.github.io
177038927,12,netux/Pxls
232137508,12,netop/peerjs-old
233058345,11,netflex-sdk/api
198600185,11,nervosnetwork/overlord
25067998,11,netlify/cli
222730092,11,netfoundry/ziti-fabric
81770291,11,neuecc/MessagePack-CSharp
221951324,11,neuromore/studio
97568928,11,netzulo/qacode
144687350,11,netebakari/twitter-tl-tracker
236197457,11,gzawadzki/projektnamobilki
48334452,11,nerves-project/nerves_examples
232250730,11,gzmarshall/firmware_modulation
184257009,10,gzegzolka/pre_work
226055329,10,netowls-studio-dotnet/dotnet-practices-library
231086206,10,netty1010/algorithm
233757693,10,nerikara/scala-play-hands-on
161854616,10,nerudaj/AppJS
185183920,10,networktocode/yangify
50259821,10,nerves-project/nerves
14017618,10,nerves-project/nerves_system_br
130347097,10,neuronlabs/neuron-core
201551238,10,nepphhh/RP-0
227936444,10,nerves-networking/vintage_net_lte
236026412,10,gzileni/clementiot33
233554462,10,netflex-sdk/sdk
107325960,9,nerves-project/nerves_system_x86_64
232281405,9,neutral-studio/impianti-sportivi
81127405,9,neutrinojs/webpack-chain
68325864,9,neuroscout/neuroscout
228263178,9,gzhami/house-spider
233679643,9,gzidlick/CS302
228594637,9,nettofarah/mysql-schema-ts
234043077,9,gzj7108/algorithms
234043077,9,gzj7108/intelligent-algorithms
225345086,9,gziolo/create-wordpress-block
200347056,9,nephix/light-client
233061698,9,netflex-sdk/support
233813962,9,netflex-sdk/customers
138335097,9,neurosity/notion-js
217629905,8,nerdCopter/EmuConfigurator
146730181,8,nestjsx/nestjs-braintree
232250600,8,gzmarshall/firmware_shared_libs
218349008,8,neurotech-uiuc/neurotech-site
164384577,8,nervosnetwork/ckb-sdk-js
158339436,8,nervosnetwork/ckb-cli
206552922,8,neuronlabs/neuron-mocks
233897823,8,gzhmat/Gu-lab.github.io
185430041,8,gzcharleszhang/notes
156867618,8,gzc453645620/CodeData
232385703,8,gzimax/myreppo
225657521,8,nepeta-cataria/test
128044279,8,netzstrategen/wordpress-shop-standards
236475918,8,net2anshu/Decison-Maker
143414457,8,nerdsofalltrades/shopify-plugins
222205447,8,neumerance/imprezify-v2
234276252,7,neutral-studio/impianti-sportivi
232111890,7,net-lisias-kspu/KerbalAlarmClock
80793561,7,neutrinojs/neutrino
210003639,7,neutral-af/frontend
158877403,7,netology-group/conference
162657830,7,nervosnetwork/ckb-sdk-java
212101236,7,nestorPons/TPVON
210780053,7,nervosnetwork/muta
236022640,7,nesidbod/test
237239222,7,nestor94/go_module
171644114,7,nerder/checkin
223872786,7,neskodi/sshcommander
208767216,7,neurolaboratories/zia-connect
236467666,7,nestauk/ci_mapping
226863914,7,nestauk/fnf
215254931,7,neuronetio/gantt-schedule-timeline-calendar
4052021,7,nerdvegas/rez
192282940,7,neuronlabs/gateway
156597453,7,netoarmando/freeipa-pr-ci
207018890,7,neurotechuoft/neural-turret
59038719,7,netlogix/Netlogix.JsonApiOrg.AnnotationGenerics
209139235,7,neptunian/kibana
231699147,7,nephatrine/docker-nxbuilder
228145981,7,gzholly/lede
234858324,7,gzj7108/classic-algorithms
233860388,7,netflex-sdk/structure
233860388,7,netflex-sdk/structures
233546705,7,gzhechu/scrabblecheat
78031045,7,netdisco/netdisco
233340572,7,nepnepz/laravel-auto-make-breadcrumb-by-url
226163085,7,netfoundry/fablab
229367969,7,gzc453645620/Flutter_study
230418659,7,gzlj/hadoop-console
209730186,7,gzbakku/fdb
235109214,7,gzg1984/eclipse_newb
94187469,7,neutronimaging/imagingsuite
212095290,7,nethesis/tancredi
10744183,7,netdata/netdata
221712217,7,netfoundry/mop
231825324,6,neuroconductor/NiftiArray
88541541,6,nerves-project/nerves_system_rpi0
105585655,6,netdisco/netdisco-docker
232052787,6,netwolf103/mg-erp
234324933,6,never-lasting/gitskills
84094275,6,nerves-project/nerves_system_vultr
218562469,6,nestauk/beis-indicators
220742624,6,netbootxyz/manjaro-squash
211379859,6,neurosity/plugin-vscode-notion
173189436,6,neptune-ai/neptune-tensorboard
173189436,6,neptune-ml/neptune-tensorboard
232253690,6,neurosnap/eslint-plugin-module-boundary
232253690,6,neurosnap/eslint-plugin-packages
152624148,6,gzf6/NoteBooks
234094900,6,neryad/adminpro-udemy
208658232,6,netjeff/youtube-hide-watched
189875171,6,nerzh/swift-extensions-pack
235156693,6,gzare/BBR2-Kernel
170384417,6,netology-group/svc-agent-rs
81312331,6,netarchivesuite/solrwayback
231319263,6,gzldc/gzldc.github.io
231319263,6,gzldc/shishuai1996.github.io
235672152,6,netflex-sdk/foundation
220449503,6,netdata/dashboard
180347346,6,netcode/apm-agent-nodejs
232955761,6,neuhausneuhaus/Cheddar-Challenge
225996993,6,netto14cr/PROYECTOVERANO2019
205711023,6,nerdyman/react-compare-slider
234987666,6,netuoso/vessel
52965413,6,netzstrategen/wordpress-core-standards
235410449,6,net-lisias-ksp/Blah-
235410449,6,net-lisias-ksp/Score
236162628,6,neverRare/number-to-words
102589119,6,neutroncoin/neutron
236573328,6,neuroconductor-devel/neuroc.sysreq
178951436,6,netology-code/ahj-templates
230656107,6,gzileni/bos-testnet
232561670,6,neutrinoceros/pymcfost
73008311,5,netgen/NetgenInformationCollectionBundle
231446521,5,networkException/chatoverflow-wiki
236092066,5,gzbib/cpp-523-spr-2020
173964471,5,neripark/iyu-website
235597138,5,neuroconductor-devel/kirby21.base
235100994,5,netty1010/algorithm
235596445,5,neuroconductor-devel/gifti
234404933,5,netgaintechnology/addlicense
232693665,5,networkdoc/factorioClusterio
223982714,5,gze1206/DailyNonsan
234962642,5,netiapaul/portoflio
721535,5,nevans/resque-pool
234180583,5,netugi/Diggums-Drones
235114236,5,neuroconductor/NiftiArray
234459650,5,netuoso/vessel
233500867,5,nerdmaennchen/qrqma
195911279,5,neuroscr/loki-messenger
234410096,5,neuroconductor-devel/neurocStats
122307726,5,netromdk/vermin
236278024,5,netrider2008/codekata
143340476,5,neuroscout/pyNS
233879602,5,nerdo/js-utils
163279612,5,netguru/vuepress-theme-live-ebook
234331455,5,networkservicemesh/sdk-vppagent
233963406,5,neuml/codequestion
137402957,5,netlify/petsofnetlify
216924659,5,neurotechuoft/BrainTag
233218839,5,neustupov/delivery
55316684,5,nerves-project/nerves_system_rpi
233840893,5,netty1010/algorithm
51463474,5,nerves-project/nerves_system_bbb
223326637,5,nerves-project/nerves_initramfs
181504397,5,netology-group/ulms-events-js
104608138,5,nerves-project/nerves_bootstrap
22782178,5,nephila/django-app-helper
175814075,5,netfoundry/uv-mbed
144912755,5,net-lisias-ksp/KSPAPIExtensions
231144970,5,neu5ron/HELK
235480642,5,netto14cr/PROYECTO-EST-DATOS-2019-2020
233065447,5,netflex-sdk/commerce
210189117,5,net-lisias-kspw/ODFCr
221337074,5,neromous/Re_Frame_template_of_FamiliyCost
233941988,5,nessadc/fortunesite_infrastructure
225633214,5,netsharpdev/animalshelter-web-api
231180654,5,gzhqiang/01-comps
161959315,5,nerves-project/nerves_system_rpi3a
233328040,5,netmazing/netmazing
153617164,5,networkteam/nwt-frontend-scripts
235149581,5,nerivera/Nim-Game
147522929,5,netliferesearch/hdir-frontend
100576821,5,netliferesearch/u4-no
136512512,5,nestauk/nesta
233807875,5,gzaspa/make-object-alive-mobile
228126983,5,gzh4213/nodeBlogDemo
236189826,5,gzawadzki/ProjectMobiles
231685397,5,nerk987/txa_ant
212253541,5,gzhangx/fourierplot
237245356,5,nestor94/customcalculator
232750921,5,netroby/yskpangyuan-jinse
236081995,4,nerfsmurf13/gisd-summer-collection-frontend
232584778,4,nettolicious/ef-reference
236825250,4,neuroconductor-devel/neurocStats
234380361,4,neuroconductor-devel/neurocStats
233050373,4,netty1010/algorithm
215437601,4,gzc-seu/leetcode
235223882,4,neuroconductor/limmi
236207113,4,nettigo/namf
232855615,4,nespresso/msetc-jenkins-helloworld-pipeline
235427075,4,nerfarena76/ProjectVetNet
120327942,4,neuroinfo-os/deep-bottleneck
83853927,4,networknt/light-config-test
202398645,4,neuroconductor-devel/ITKR
55318381,4,nerves-project/nerves_system_rpi2
166394163,4,nero-networks/spring-boot-react
235789861,4,netzartist/eleventy-netlify-boilerplate
235059832,4,gziolo/puppeteer
233631729,4,nerves-hub/nerves_hub_link
146494362,4,netzbegruenung/green-spider-webapp
215453029,4,gzjhw/vue-admin
232880063,4,netzzer/openshift-cns-testdrive
233309878,4,nerodark/Suncat
95043942,4,neu5/zcyklu.pl
193698930,4,neuralm/Neuralm-Server
235913282,4,nertilpoci/Pluralsight-interactivelearning-demo-lambda-functions
235913282,4,nertilpoci/Pluralsight-nteractivelearning-demo-lambda-functions
233349371,4,gzlj/samplecontroller
217084105,4,neuli1980/ChoETL
145686517,4,neuqzxy/blog
232788409,4,gzmarkchoi/Spring-project-management
232520033,4,gzhqiang/GVue
55319430,4,nerves-project/nerves_system_rpi3
234917007,4,gzdzss/balance-update-demo
194349302,4,nerves-project/nerves_system_rpi4
177468899,4,neslinesli93/breakoutex
235110242,4,netweak/agent
138740592,4,network-for-good/nfg_ui
57287190,4,nesheroj/mawpedia
231275947,4,nerilamy15/aprendiendoProgramming
232906196,4,netfly-io/web-client
59660423,4,networklocum/django-changes-on-save
232732222,4,networkservicemesh/cloudtest
19378473,4,networkteam/Networkteam.Import
229170230,4,nerzh/swift-net-layer
156121713,4,neteler/actinia_core
209726839,4,nervosnetwork/merkle-mountain-range
234344976,4,neoygdrassyl/Aplicacion-Ecopetrol
210733167,4,gzhangx/bouncingbox
111486296,4,gzhh/leetcode
226605620,4,gzbt/AcmAlgorithm
231196441,4,netnook/repeg
118849292,4,neuropoly/ivado-medical-imaging
196952471,4,neuromeka-robotics/indy-ros
193225333,4,netmix/radio-station
235663061,4,netsi1964/eleventyone
235781796,4,netology-group/event
177824038,4,nestauk/cookiecutter-data-science-nesta
234630874,4,nested-space/threads
213449530,4,netdata/netdata-ui
236029269,4,netjs/JavaCode
206029301,4,netico/bones
236588593,4,neutral-studio/impianti-trasparenti
190646802,4,netZoo/netZooR
232690691,4,netroby/yskpangyuan
234709632,4,nerahmou/rush00_piscine_cpp
72528723,4,neuronsimulator/iv
64129485,4,netgen/ezplatform-site-api
231911389,4,nevanhidayat123/arduino-addonsboard
146867433,4,netico/alhazen
181071209,4,neurosnap/erock.io
233903808,4,netohelvecio/Omnistack10.0
62050245,4,netchampfaris/frappe
20058282,4,nephila/django-meta
198011870,4,nestybox/sysbox-external
233920983,4,net-lisias-kspu/KourageousTourists
231854658,4,neronbadillo/rockchip-linux-rkbin
236175560,4,neptune-networks/libvirt-exporter
232809241,4,nestle/msetc-jenkins-helloworld-pipeline
173189499,4,neptune-ai/neptune-mlflow
173189499,4,neptune-ml/neptune-mlflow
108767312,4,neva-dev/gradle-fork-plugin
225235242,4,netTrek/ng8-basics
214721819,4,net-lisias-kspu/MechJeb2
130725040,4,nerdgeschoss/redux-database
232151876,4,nerdherd/InfiniteRecharge2020
142484381,4,net-lisias-kspu/NavInstruments
231251809,4,neustoy/neustoy.ml
231251809,4,neustoy/neustoy.ru
235157172,4,neurotechbci/epilepsy-software
234925578,3,netorody/Mindustry
231923433,3,neta767/neta767.github.io
156412241,3,netology-group/janus-conference
232090515,3,netoneze/teste
194379711,3,netz98/n98-magerun2-dist
237170205,3,netmebtc/xzc-node-bos
223230823,3,nerves-project/nerves_pack
230957335,3,neta767/neta-kleman-1-1-20
159456631,3,nervosnetwork/ckb-explorer
234151643,3,netoudi/codeflix-microservice-videos
49724681,3,netlogix/jsonapiorg
236777594,3,netow13/hello-world
236152533,3,netrana/darji
232308132,3,netraluis/Herramientas-HTML-y-CSS-II-PEC3
233843313,3,netafado/casaComumRecorte
232950031,3,netmebtc/vnsPool
233814394,3,netorody/Mindustry
197681637,3,nervosnetwork-dependabot/ckb-vm
236657722,3,nervicia/Statistics
234398534,3,netos23/TETRIS-Trebute
234157810,3,netsurf-plan9/libnsutils
237169890,3,netmebtc/xzc-node-hasher-mtp
144657284,3,net-lisias-kspu/TweakableEverything
235493660,3,nert-nlp/pepper-streusle-importer
229083187,3,neufeldtech/ambassador
233268675,3,nersus15/jobbook
232251236,3,nersus15/jobbook
232251236,3,nersus15/jobook
233077572,3,netVoix/oz-bot
234461667,3,neuhelper/Cmini-
234461667,3,neuhelper/Cmini-complier
232293972,3,nerrons/gov-data-scraper
233190245,3,neulbo27/RoomCodeLab
235748248,3,neuleaner/onepiece
203426300,3,netochaves/material-ui
136336591,3,netoarmando/freeipa
234334258,3,net9keep/Sprint
234334258,3,net9keep/sprint
233658670,3,neumannalex/alexander-neumann.web.bs
196469351,3,nerosketch/djing2
232265483,3,netfleetorg/api
232265483,3,netfleetorg/netfleet-api
233218941,3,neuencer/implicit-inference
129546592,3,net-lisias-kspu/AtmosphereAutopilot
235624549,3,netolee/Learning-
232206574,3,netohelvecio/GoStack9.0_Modulo11
235587096,3,netoitb10/exercicios_java
233932827,3,netohelvecio/Omnistack10.0
234185313,3,nerves-hub/nerves_hub_link_http
118343855,3,netzbegruenung/green-directory
155453422,3,netzbegruenung/green-spider-api
188117603,3,neteler/grass
138828995,3,nervers1/pscan
233289467,3,net-ka/simple-store
232487876,3,nervepoison/vx
190273273,3,netzstrategen/woocommerce-price-labels
237170103,3,netmebtc/xzc-node-mtp-reference-stratum
236822415,3,neruthes/RpHMGDEF1
132601491,3,net-lisias-ksp/KramaxAutoPilot
233079522,3,nerudesu/carifet
233450434,3,net-lisias-ksp/TweakScaleCompanion_NF
233450434,3,net-lisias-ksp/TweakScaleCompanion_NFS
175758377,3,netlify/netlify-redirect-parser
233244981,3,netanmen/broker-bot
176854132,3,nervosnetwork/ckb-sdk-ruby
144772384,3,nestjsx/nest-emitter
234156611,3,netsurf-plan9/libcss
234156611,3,netsurf-plan9/netsurf
234640086,3,ness-lab/recombinant-reads
116284638,3,nestal/hearty_rabbit
214837844,3,nettv1881/connectplay
225237562,3,netsells/laravel-geoscope
236438205,3,nestauk/ai-ci-mapping
235417442,3,netsage-project/docker-nfdump-collector
236839833,3,netsage-project/Netsage-Slope_graph
233956542,3,netrunner-artwork/artwork-wallpapers-netrunner-2001-desktop
164627397,3,netroy/aws-cdk
125823031,3,netdata/go.d.plugin
143860911,3,netromdk/tourney
236038378,3,netfoundry/ziti-tunneler-sdk
236038378,3,netfoundry/ziti-tunneler-sdk-c
9183002,3,netgen/TagsBundle
234331403,3,nespalvota/beerTest
234157283,3,netsurf-plan9/libdom
234157369,3,netsurf-plan9/libhubbub
235852517,3,netterie/test-website
234157705,3,netsurf-plan9/libnslog
234157749,3,netsurf-plan9/libnspsl
232645874,3,netnull/mybrain
234157994,3,netsurf-plan9/librosprite
236387429,3,nessn2/hello-world
234158071,3,netsurf-plan9/librufl
234158118,3,netsurf-plan9/libsvgtiny
234158199,3,netsurf-plan9/libutf8proc
234157451,3,netsurf-plan9/libnsbmp
234158246,3,netsurf-plan9/libwapcaplet
234158380,3,netsurf-plan9/netsurf
234157646,3,netsurf-plan9/libnsgif
234158459,3,netsurf-plan9/nsgenbind
197028385,3,nessalc/lapo-api
234157555,3,netsurf-plan9/libnsfb
234317737,3,nespalvota/BeerTest
43926406,3,netroby/gohttpproxy
164362055,3,netroby/any-start
236910641,3,netless-io/white-fast-web-sdk
38401665,3,netizen-ais/atom-move-status-items
236092223,3,netkicorp/transactid-library-java
233907159,3,networkservicemesh/sdk
235195058,3,networkservicemesh/sdk-kernel
227509033,3,netless-io/Whiteboard-iOS
235619575,3,networkteam/Networkteam.Neos.Util
235628179,3,networkteam/Networkteam.Util
234560910,3,nesdoug/M1TE2
234157891,3,netsurf-plan9/libparserutils
235712224,3,neryad/backednd-udemy
236079936,3,netlgroup/PROGECT2
199412307,3,netliferesearch/netlife2019
199617451,3,netebakari/GmailAPIClient
216163678,3,nervosnetwork/muta-sdk-js
232072945,3,networkharry04/Sided-Backend
79324058,3,networked-aframe/networked-aframe
236279222,3,netrider2008/springprojects
197549166,3,netceteragroup/ngrx-data-grid
233110334,3,netvl/devourer
145002313,3,netgen/site-bundle
233846089,3,netwarm007/bison
98976064,3,netguru/bitrise-step-ng-jira-step
236912888,3,netcloud36/test
229028988,3,nesies/docker-camunda-bpm-platform
237185942,3,nesi/ernz20-containers
232327246,3,nesfit/jane-DeMixer
51184678,3,network-for-good/nfg_csv_importer
93072550,3,network-for-good/nfg_onboarder
204365310,3,netbox-community/ansible_modules
232016095,3,netbootxyz/pciids
237117779,3,netfolder/chunjae.github.io
232737934,3,netbob/hello-world
234157937,3,netsurf-plan9/libpencil
25814103,3,netz98/n98-magerun2
234081964,3,netero/lab-tdd-adoption-plan
237184084,3,neuroconductor-devel-releases/neurovault
236869794,3,neuroconductor-devel-releases/kirby21.t2
236870688,3,neuroconductor-devel-releases/kirby21.vaso
236842985,3,neuroconductor-devel-releases/malf.templates
236844822,3,neuroconductor-devel-releases/mni
237113394,3,neuroconductor-devel-releases/msmri
237113528,3,neuroconductor-devel-releases/neurobase
236844099,3,neuroconductor-devel-releases/neurocInstall
236845479,3,neuroconductor-devel-releases/neurocStats
233298030,3,neprotod/goit-react-hw-02-phonebook
236843571,3,neuroconductor-devel-releases/neurohcp
236175080,3,nerikh/hugo-qs2
236174171,3,nerikh/hugo-multisite
237059413,3,neuroconductor-devel-releases/kirby21.smri
231249359,3,nevafigary/oodielacei
236841498,3,neuroconductor-devel-releases/nitrcbot
236845122,3,neuroconductor-devel-releases/nsrr
231871297,3,nevadasurfer/yaml
235906578,3,neptali04/tattoo-shop
237114036,3,neuroconductor-devel-releases/oro.dicom
234771282,3,nerijus-bauza/vaida-foto-site
234449204,3,nevadasurfer/booksapi
236844262,3,neuroconductor-devel-releases/pain21
237185106,3,neuroconductor-devel-releases/papayaWidget
236267542,3,nevadafeehery/oyiukuofi
236869663,3,neuroconductor-devel-releases/kirby21.t1
236870962,3,neuroconductor-devel-releases/kirby21.mt
237236342,3,neuroconductor-devel-releases/alvin
237185457,3,neuroconductor-devel-releases/fslr
237113998,3,neuroconductor-devel-releases/brainR
236843983,3,neuroconductor-devel-releases/cap
236842064,3,neuroconductor-devel-releases/cfma
237114142,3,neuroconductor-devel-releases/cifti
231478670,3,nevelbeats/github-slideshow
236841628,3,neuroconductor-devel-releases/dcm2niir
236841923,3,neuroconductor-devel-releases/dcmtk
236877933,3,neuroconductor-devel-releases/divest
237184457,3,neuroconductor-devel-releases/flexconn
237113272,3,neuroconductor-devel-releases/fmri
236877835,3,neuroconductor-devel-releases/fmriqa
236843768,3,neuroconductor-devel-releases/gganatogram
236841373,3,neuroconductor-devel-releases/kirby21.mricloud
237185040,3,neuroconductor-devel-releases/ggneuro
236842514,3,neuroconductor-devel-releases/ggseg
236914017,3,neuroconductor-devel-releases/ggsegExtra
236840712,3,neuroconductor-devel-releases/gifti
237184838,3,neuroconductor-devel-releases/itksnapr
236869036,3,neuroconductor-devel-releases/kirby21.asl
236840847,3,neuroconductor-devel-releases/kirby21.base
236869411,3,neuroconductor-devel-releases/kirby21.det2
237048799,3,neuroconductor-devel-releases/kirby21.dti
236870102,3,neuroconductor-devel-releases/kirby21.flair
237047628,3,neuroconductor-devel-releases/kirby21.fmri
232437594,3,neptune-104/silver-potato
237184591,3,neuroconductor-devel-releases/papayar
237185674,3,neuroconductor-devel-releases/penn115
234641473,3,neuronetio/vue-gantt-schedule-timeline-calendar
233232022,3,neutrino658/mega-down
233229247,3,neutrino658/downloader
231185145,3,neutralsecond/hello-world
223798861,3,neraildes/FD_Slave_Board
232930879,3,nerajok/Blockchain-Development
231414138,3,nerajshr/calorie
231939110,3,neuromotic/epileptic-seizure-detector_web-service
215280789,3,neuronetio/angular-gantt-schedule-timeline-calendar
234624674,3,neuronetio/ng-gantt-schedule-timeline-calendar
234642897,3,neuthral/begin-app
232579579,3,neuronetio/react-gantt-schedule-timeline-calendar
203763896,3,neuronlabs/jsonapi
167019750,3,neptune-ai/neptune-contrib
167019750,3,neptune-ml/neptune-contrib
234685017,3,nerd-oreo/sda-clib-project
187914556,3,neuronlabs/neuron-pq
52035028,3,neuropoly/realtime_shimming
121683316,3,neuropoly/sct_docker
233211228,3,neustupov/delivery
236375057,3,neurotechuoft/MindType
233630324,3,neurozetta/presales-stock
182591545,3,nerdile/pi-gen
234038913,3,nerdial/adro-demo
231214820,3,nerdawitz/Mizuxe.github.io
165157623,3,nerdherd/NerdyLib
232316589,3,neutron3/tdlib
235003111,3,nerdymishka/dotnet
237180621,3,neuromanzer/Calculus
232353171,3,neurolloyd/stroker
232353171,3,neurolloyd/stroker.github.io
237184964,3,neuroconductor-devel-releases/rcamino
220182116,3,nerianighthawk/redux-login
231522304,3,neptune00123/three
237185590,3,neuroconductor-devel-releases/robex
237185733,3,neuroconductor-devel-releases/rtapas
237185336,3,neuroconductor-devel-releases/spm12r
237184274,3,neuroconductor-devel-releases/sri24
236878136,3,neuroconductor-devel-releases/stapler
237113901,3,neuroconductor-devel-releases/sublime
236840982,3,neuroconductor-devel-releases/waveslim
159491189,3,nergmada/planning-wiki
231495457,3,neutronth/nfproxy
236229915,3,neutronsgit/mandelbrot_pyglet
104094733,3,neurodata/primitives-interfaces
224569725,3,nergal-perm/code-forensics
232197184,3,neptunhiker/beginnerluft
235640053,3,neurodatascience/UKBB_scripts
185942794,3,neutronimaging/ToFImaging
236106251,3,nerfarena76/ReadMyContent
236549525,3,nerellapavani/hello-world
226986587,3,neqsoft/neqsoft.com
234576511,3,neredumelliprasad/POC_II
234576511,3,neredumelliprasad/POC_ProductMasterDataUploader
232334635,3,neurolloyd/hello-world
236844697,3,neuroconductor-devel-releases/bftools
237114218,3,neuroconductor-devel-releases/oro.asl
237185170,3,neuroconductor-devel-releases/afnir
144407571,3,neuralknight/backend-models
231528536,3,nepho8/fountain-smartcontract
223856160,3,neurobiology-ut/napari_app
235900941,3,nepisman-lab/WMProject
233486189,3,gzawadzki/zad11
233747608,3,never-back/hello-world
111434289,3,gzfreeman/Python
231960395,3,neuralbotnetworks/-
231960395,3,neuralbotnetworks/EVA
189205544,3,neural-electrophysiology-tool-team/NET
231916767,3,gzcncoader/openwrt
235992970,3,nerohmot/kbuoy
236841767,3,neuroconductor-devel-releases/DensParcorr
231869563,3,nepalibidur14/hello-world
231369527,3,nepia11/gaomon_pentablet_driver_module
231487865,3,gzldc/photos
233484433,3,nepal2010/TSASoftDev
234618573,3,nerocui/landing_page
189918862,3,never88gone/NGiOSBase
117045047,3,gzenux/asuswrt-rtn18u
236996359,3,gzh205/GzeNewCrawler
236225858,3,neuralAxiom/LPR
152598478,3,neurochain/core
231152646,3,nephatrine/docker-drone-ci
236841235,3,neuroconductor-devel-releases/RNifti
237113825,3,neuroconductor-devel-releases/MNITemplate
237236129,3,neuroconductor-devel-releases/aal
237113709,3,neuroconductor-devel-releases/EveTemplate
236843300,3,neuroconductor-devel-releases/MriCloudR
236843454,3,neuroconductor-devel-releases/MRIcloudT1volumetrics
235783876,3,gzawadzki/bazy
237185801,3,neuroconductor-devel-releases/NiftiArray
236844587,3,neuroconductor-devel-releases/Rxnat
236842192,3,neuroconductor-devel-releases/I2C2
236845282,3,neuroconductor-devel-releases/RAVELData
237114089,3,neuroconductor-devel-releases/WhiteStripe
236017529,2,netnaive/tf2-sm-plugins
152315209,2,neutrinoceros/yt
236399798,2,neto15cg/challenge-countries
234919710,2,neutronfile/NeutronFile.org
232510265,2,neutrinog/crgun
236411220,2,neutrinog/electronite-test
232414557,2,netogramacho/vicmape
173188076,2,neutrinog/react-app-electron-template
233042238,2,netforcews/theme
233506549,2,netogramacho/cursoPHP
236775249,2,netoguimaraes/ipgeolocation
237142606,2,netnaive/test
236244373,2,netnaive/tf2-research
222004668,2,netfoundry/azure-deploy
235795741,2,netflix500/netflix500.github.io
231465417,2,netohelvecio/GymPoint_App
232407744,2,neutralove/Battleship
231471829,2,netohelvecio/GymPoint_App
236179438,2,neutralinojs/neutralinojs-javascript
232129036,2,neutralboy/forward-progress
233107921,2,netflexx/JavaScriptProgrammingEx1
232581347,2,gzenux/openwrt-luci
231473503,2,netohelvecio/GymPoint_App
231475552,2,netohelvecio/GymPoint_App
236671722,2,gzeskas/simple-async-http
233502114,2,netogramacho/cursoPHP
232787493,2,neutronfile/NFinstaller
235469227,2,netogerbi/wordpress-development-c1
236494368,2,netoferraz/cotamilhas
232560580,2,neutronfile/Installer-IPA
233925084,2,netoacrj/ascdr
233928220,2,netoacrj/ascdrarq
233883906,2,netoacrj/astcdr
233867050,2,netoacrj/cdrasterisk
233880962,2,netoacrj/cdrasterisk
233922579,2,netoacrj/projeto
233917012,2,netoacrj/projetoastcdr
233920081,2,netoacrj/teste01
235905265,2,netoalceu/SIM808_Eval_PC
233075892,2,neutronfile/NFStore
235934655,2,netoanttunes/Atitude-Carioca
235938009,2,netoanttunes/Choppbeer
232520652,2,neutronfile/IPA-NEUTRONFILE
231990877,2,netnr/Netnr.DataKit
232511551,2,gzbtc/gzbtc.github.io
212894114,2,netochaves/dev.to
232173529,2,neutron98/Recommender
235939434,2,netodomingos/clientequalificacursos
232856903,2,netodomingos/programa-no-insta
231296479,2,netoe/Neto-Demo
237037250,2,neto15cg/logic-test
231350901,2,netoe/Neto-Noting
233618718,2,netner123/hack
236195006,2,gzawadzki/projectmobiles
233552417,2,neutral-Stage/theme_version3.0
233743806,2,gzh123-cloud/TEST
236789152,2,netohelvecio/suporteFTC
153809304,2,gzm2015/BasicJavaKnowledge
237027472,2,neustadterdaniel88/historyproject
233411356,2,neustoy/test
235427965,2,netotz/learning-cpp
223194630,2,netotaku/xmas
236775868,2,netotaku/h3
226681455,2,gzmarkchoi/algorithm005-class01
232539725,2,netos23/MatrixRain
231337834,2,netflams10/project_end_year
235429047,2,netorrespanez/prueba2
233931712,2,netorrespanez/JS_ed13
231780954,2,neustupov/order-microservice
231756551,2,neustupov/spring-boot-2-microservices-demo
234984062,2,netorigin/status.netorigin.nl
236393658,2,netorigin/bigdump
234529648,2,neusferrandiz/transformacions
231862527,2,netpatch/netpatch.github.io
237258481,2,netohelvecio/twitter
235935213,2,netrabadami/TestDeploy
237052266,2,netraluis/curriculumVitae
180627896,2,netevert/pockint
233575780,2,neusferrandiz/moma
232748861,2,netralgin/alexander
234538492,2,neusferrandiz/mondrian
235645716,2,netrabhatt/javascript-learning
234793238,2,netfan1993427/electricity_firm
233064325,2,netpay-ecommerce/nacl-utils
235895885,2,netrabadami/CodingDojo
231780617,2,netfatih/FirstApp
235892344,2,netrabadami/CodingDojo
236448222,2,netpraxis/resources
234202533,2,netplus/nuxt-netlify-cms-starter
235375924,2,netfetch321/nf
231445802,2,netopsify/service-orchestrator
237214757,2,netopsify/netauto-collection
233634228,2,netopsify/automate-ansible-tower
233556890,2,neutral-Stage/neutral-stage.github.io
236284407,2,gziyou/gziyou.github.io
236278125,2,neutercrux/CollaborativeClassroom
235905192,2,gzimh/arrw
103791102,2,gzhu-team-509/Carrier9-info
234642710,2,neuthral/testing_app
234316121,2,neutral-Stage/humayra
234019787,2,netoll/Neto-Milestones
231443758,2,netopsify/alteon-dump-parser
231836081,2,netolee/site
236330402,2,netolee/netowapp
234314727,2,neutral-Stage/theme-cv-public
235995101,2,netolee/Challenge1
236164747,2,netoleal/react-fezqhz
234315826,2,neutral-Stage/theme-cv-user
236276123,2,neutercrux/CollaborativeClassroom
236275164,2,neutercrux/CollaborativeClassroom
159147689,2,netology-group/ulms-media-ui
140270474,2,netology-group/ulms-wc-chat
236691932,2,netflex-sdk/pages
235442298,2,netomarin/oppia-android
233838311,2,netflex-sdk/package-template
235044116,2,gzj0125/enos-device-sdk-java
236267015,2,neutercrux/CollaborativeClassroom
231290243,2,netonrails/netonrails.github.io
231359655,2,gzkiwiinc/cesium
234922045,2,netooran/portfolio
232321057,2,neustupov/spring-boot-kafka-example
231757552,2,neustupov/spring-boot-2-microservices-demo
236899439,2,netopapa/meu-remedio-demo
235416086,2,netopir/autodl-irssi
231442802,2,netopsify/alteon-config-parser
236115652,2,netnaive/netvisuals-client
234517140,2,netmediatechnologies/Ionic-staff-manager
233069276,2,netmsys/asearch
235520825,2,nevanna/fl_nb_games
232491459,2,neting228/learningspoons
234729941,2,nevalja/animacija
235639036,2,netik/mentorparty
231773149,2,nevalja/naprednicss
236389163,2,nevanaattori/ameno-dorime
235155276,2,netico/alkindus
236667729,2,never112/test123
237190252,2,netleSoftware/Duyurular
231350742,2,neticien/WriteUp
159812267,2,netguru/bob-utils
194856335,2,neticdk/tf-aws-eks-cluster
235237672,2,never0110/ssd
233796766,2,neticcul2se/vue1
232577058,2,nevanna/python_ex
236319014,2,never112/vue-quasar-admin
233489146,2,netinthakur/Package_and_Delivery_Final_Project
231562940,2,netioproducts/c-sharp-examples
232822931,2,netivajak/badbsleochsig
236331212,2,nevaldas/Blazor
237037366,2,never2average/AttainU-CCs
236345900,2,netgun/netgun.github.io
235554315,2,nevalCaretta/NVLChatBot
235556425,2,nevalCaretta/ChatBot
236301441,2,netjs/Test
236766172,2,netjs/maven_project
236501569,2,netgroup/srv6-pm-iptables
130741783,2,netket/netket
233839482,2,nevakee716/cwHtml5DiagramFilter
236502100,2,netgroup/srv6-pm-dp-ipset
237138172,2,netkuttappan/curly-waffle
233485649,2,netlab-stevens/Complex-Network-of-United-States-Migration-master
232573260,2,nevanna/stepick_golang
230328612,2,nevanscott/uxui0120
236338796,2,nevarman/nba-boxscore
236671801,2,nethaniasonya/os201
233373372,2,netherpyro/CircleImageView
232386066,2,nevenbozic/mysite
234942569,2,nevenasmiljanic/css-assigment2
225048101,2,netherpyro/GlComposableView
231839940,2,nethermole/roborally
236955209,2,nevena996/github-demo
232585837,2,netherchef/Playground
234748693,2,nethings/backend
234746660,2,nethings/frontend
232338522,2,netherD/suburl
234925564,2,nevehallon/python
233640711,2,nethope/bash-scripts
237132763,2,nethe550/owo-bot
237167183,2,nethanm29/nethan
232381221,2,nevenbozic/nevenbozic
231160680,2,neti-cz/rsi
234924615,2,nevehallon/asyncio_crawler
236540483,2,nethraspage/appdevpractice
231235966,2,nethalo/parallel-mysql-backup
232721109,2,nethajiprabhu-gunasekaran/appium-device-hub
231889610,2,nevedomyy/progress_engine_news_service
233792035,2,nethahussain/VR_stroke_UL_assessment
232387566,2,nevenbozic/nevenbozic.github.io
236398943,2,nevencaplar/AGN-Going-Down-Extended
236702413,2,netgusto/kubernetes-hands-on
234197289,2,nevarrra/LittleHowlingHood
236542247,2,nethraspage/rps
237231379,2,netguru234/fwd
231486445,2,neotyp/t0103
143599610,2,netguru/qa-selenium-java-framework
236497312,2,netgroup/srv6-pm-control
192402942,2,nevadskiy/symfony-app
177446448,2,netmme/mind-reading-machine
232397979,2,neverage84/Portfolio_NoelleEverage
234716304,2,neverbeenthisweeb/Go-The-Complete-Developer-Guide
232761172,2,netmatze/angular-cli
234656120,2,netmass/nellas
233253674,2,neverbeenthisweeb/GameOfCards
234323133,2,netmarkjp/minimal-browser
236533692,2,netmanchris/pykanyerest
233774208,2,netman2k/testing-netauth
233200485,2,netless-io/cursor-adapter
235898896,2,neverage84/MongoDB_NewsScrape
235901367,2,neverage84/ClickyGame
231784636,2,neuxgliu-GT/neuxgliu
234669249,2,netlogs/Http_Server
231165493,2,neuxtitanteng/Java-Spring-Sample
212054472,2,netlogix/Netlogix.Migrations
105039661,2,neuwerk/open-liberty
233423127,2,gzalo/gBridge
237169991,2,netmebtc/xzc-mtp-stratum-mining-protocol
236239055,2,neutronsgit/pylogic
234782491,2,netfoundry/ziti-samples
236236806,2,neutronsgit/logicjs
236319715,2,neutronsgit/UTTT
231575190,2,neutronjs/neutron-start-react-template
229397144,2,gzaripov/axios-layer
231478109,2,netmiddlewares/Guid
231477538,2,netmiddlewares/NetMiddlewares.Core.Guid
232219732,2,netmiddlewares/NetMiddlewares.ResponseTime
234617575,2,netfoundry/ziti-console
231940930,2,netmiddlewares/netmiddlewares.github.io
231575539,2,neutronjs/neutron-start-react-native-template
236151579,2,neutronimaging/muhrec
236055279,2,netmme/imprandom
231321974,2,neuxtitanteng/Neux.cordova.PrivacyScreen
233733410,2,neuyubo/dcits
236522810,2,netfoundry/ziti-sdk-nodejs
236294871,2,never2average/DummyRepo
233200785,2,netless-io/cursor-icon
235653562,2,netgroup/srv6-pm
179946667,2,netgroup/sr-survey
232206870,2,nevadasurfer/promInstall
237225151,2,netlgroup/MLM
234725427,2,netgfx/GameChat
234358633,2,neusferrandiz/minimalissimo
235827474,2,never2average/AttainU-Graph-Theory
155839956,2,netliferesearch/dfo-storybook
233515819,2,nevadasurfer/helmcharts
234482124,2,nevadasurfer/bookstore_users-api
234482951,2,nevadasurfer/bookstore_oauth-api
234483144,2,nevadasurfer/bookstore_items-api
145002429,2,netgen/media-site
234000359,2,nevadasurfer/ansible1
234367889,2,neuzamendes20/Homework2
234295216,2,never2average/IPM-Jarvis
233202105,2,nevadajames/nevadajames.github.io
93160061,2,netgen/NetgenAdminUIBundle
144999506,2,netgen-layouts/layouts-contentful
144999427,2,netgen-layouts/content-browser-ui
233702512,2,nev210983/react-pro
101957187,2,netlify/git-gateway
235886694,2,netgearwizard/quote-frontend
236654073,2,netgaintechnology/stackstorm-ha
234085826,2,neverUseThisName/Decorrelated-Adversarial-Learning
235171333,2,nev210983/fly_react_pro
82218658,2,netlify/netlify-commons
231287640,2,neverUseThisName/large-face-dataset-clean-algorithm
110575325,2,netlify/netlify-lambda
234397696,2,netraluis/frontweb8
234257034,2,neupok/AthenaGit
235591370,2,netrana/netrana.github.io
236195892,2,networksaint/safeplatinum
233657117,2,networktrend12/SEO
234338452,2,networktocode/netbox-training
235677572,2,networkthinking/netropy-ec2mesh-terraform
185167509,2,networkteam/eel
234693016,2,networksoft/erp.coopinternacional
81521295,2,networksforchange/meteord
236017020,2,networkservicemesh/api
234000898,2,networknuts/terraform
236296626,2,netzfluencer/vue-undraw
234236607,2,networknuts/nileshterra
232701816,2,networknuts/morning
103651484,2,networknt/light-proxy
89109684,2,networknt/light-codegen
237143134,2,networkinterfacecontroller/twilio-chat-demos
13497954,2,networking/elasticsearch-bundle
236155756,2,networkgrunt/MyCisco
236942730,2,networm6/CoolApkLogin
236844979,2,neuroconductor-devel-releases/eegUtils
236941382,2,networm6/Piano-Tiles2helper
236943510,2,networm6/SimonToolBar
234054775,2,neuroanatomy/microdraw.py
236237955,2,neurobashing/booze
233760584,2,neurocaience/cos424_sentimentclassification
236292204,2,netzbasteln/RFID-Melody
22029913,2,netzbasis/openbsd-src
232422854,2,neurocaience/data_animation
234485821,2,neurocompnerds/longReads
233758807,2,netzanava05/workshop-calendar
235084607,2,netever/GraduateWork
236877771,2,neuroconductor-devel-releases/RNiftyReg
92491262,2,netyouli/SexyJson
232948592,2,netyeaxi/JavaApp
113508911,2,netxms/netxms
234084625,2,netxfly/sock5-server
236944666,2,networm6/fastcatvideo
236239258,2,networkgrunt/Linux-Notes
236297238,2,networkgrunt/Install-Docker
236158220,2,networkgrunt/Git
233895164,2,network1618033/ServiceExpedition
234334770,2,network1618033/MyString
234323129,2,network1618033/ManipulationFichierRTF-ReseauxMobiles
234337954,2,network1618033/Date
234338492,2,network1618033/AnArray
236878026,2,neuroconductor-devel-releases/oro.nifti
233129709,2,network-for-good/nfg-capistrano-aws
235213350,2,network-dave/pisco
232504092,2,network-art/falco
232758701,2,netwons/netwons
232763284,2,netwons/jotform
232631705,2,netwons/jotform
232744018,2,netwons/123
234670995,2,netwonion/xnet
231494124,2,netwolf103/tools
234125696,2,netwish-brasil/camargo-pw
234337348,2,network1618033/Point
234333757,2,network1618033/TextEditiorKMJ---BlocNotes
236297439,2,networkgrunt/Docker
234324102,2,network1618033/VenteDeSmartPhones
236157471,2,networkgrunt/Ansible-Projects
236044357,2,networkfusion/neon64
234409439,2,networkfusion/St-Dfu
237053505,2,networkfusion/OrgPal-Three-Demo
237051005,2,networkfusion/OrgPal-Three-Demo
236756617,2,networkedsystems/PercEvite
235569078,2,networkdoc/http-file-server
233619430,2,networkdoc/debianKubernetes
235566362,2,networkdoc/DebianPulseClient
232637289,2,networkbiolab/worm
234102394,2,networkbiolab/networkbiolab.github.io
231939515,2,networkanddatasciencelab/networkanddatasciencelab.github.io
231917249,2,networkanddatasciencelab/networkanddatasciencelab.github.io
234321314,2,networkanddatasciencelab/ATDC
236135262,2,networkandcode/networkandcode.github.io
234593789,2,netzbegruenung/podcast.netzbegruenung.de
233315148,2,neuro-sys/emacs-conf
232032840,2,netweb-tech/travelcrm
231874374,2,neulf/ml_invest
233893800,2,neulovimyy/My-Version-Of-TBOI-1.1
233891297,2,neulovimyy/My-Version-Of-TBOI-1.0
232106521,2,neuliyiping/bysj
231889874,2,neulii/rummyPoints
233101258,2,neulii/javaPoints
233044156,2,neulii/javaPoints
231440268,2,neur0nic/RPiRepos
236614026,2,neural-dynamics/lab
236153847,2,netzfluencer/vue-undrawn
231874651,2,neural-hacks/neural-hacks.github.io
237225463,2,neulandagentur/get-my-processes
232023424,2,neukams/CS-161-Assignment-1
233346418,2,neuhzhj2012/ocr_crnn
234239410,2,neuhelper/-
235194568,2,neuralAxiom/Panzer_Down
232434516,2,neuhausler/streamlit-spacy
236372857,2,neulxy/CRS-Software-Test
233948664,2,neumann-robert-helmut/GitHubRepository
236357576,2,neumann-wj/icn
236740995,2,neuqwlxxxh/imagecut
232740840,2,neunapp/cursoprodj
232737660,2,neunapp/cursoprodj
232731613,2,neunapp/cursoprodj
232632501,2,neumontfahim/testsite
231892684,2,neumoni/adat-halmaz
234947365,2,neupokoevsy/goalpost
234951347,2,neupokoevsy/goalpost
234880854,2,neumerance/ascenda-data-procurement
236547049,2,neumantech/img-server
235217458,2,neumannrf/sensors-mobile-test
236019160,2,neumannm/beamer-template-thk
234327991,2,neuq2004/clash-
232375202,2,neumannalex/tutorial1
234877481,2,neuqlzy/demo-webapp
234940757,2,neumannalex/alexander-neumann.api.azure
231476936,2,neuhausler/jetson-nano-scripts
235644033,2,neuralAxiom/Spot737Max
231345414,2,neuralarmy/independent-waterline
231073779,2,neu17/HabiTrax
233232114,2,neu-spiral/FastAndAccurateRankingRegression
236531272,2,netzzer/openshift-cns-testdrive
236049434,2,neuranex/neuranex.github.io
234150268,2,netzverweigerer/gists
235194341,2,netzulo/maybeissue
236923980,2,netzuko/recipe-app-api
236050643,2,neuranex/neuranex.github.io
232882531,2,neurasoft/webview_boilerplate
95665815,2,netzstrategen/wordpress-shop-analytics
236916317,2,neuricos/LeastPointsLineCoverage
233294795,2,neuro-sys/advent-of-code-2019
29135301,2,netzmacht/contao-leaflet-metamodels
28963928,2,netzmacht/contao-leaflet-maps
234538795,2,netzkombuese/bmg
237162954,2,netzkie13/nanatsu
191823289,2,neu-spiral/RFMLS-NEU
235750170,2,neu17/ccg
232935597,2,neuhausi/canvasXpress.data
235645494,2,neu17/lib_aesc
231882940,2,neufieldrobotics/neufieldrobotics.github.io
231632989,2,neuralassembly/CoralOpenCV
209403161,2,neufeld/AXIOME3
233273503,2,neuraleye/site
232274153,2,neuecc/MSBuildAssemblyLoadIssue
197024545,2,neuralm/Neuralm-Minecraft
232278089,2,neudeeptech/lms
236789701,2,neuberfran/SmartDrive1
235804260,2,neubasi/website
234206968,2,neuralmind-ai/electricity_fraud_detection
233664241,2,neuashish/NewPlaza
233952052,2,neuralmind-ai/portuguese-bert
232105315,2,neuralx7/Software_Engineering
234151407,2,neuranex/neuranex.github.io
235544484,2,neu17/neu17.github.io
231295181,2,netwenchao/Books
231879578,2,netwayfind/netwayfind.github.io
180588963,2,netrashigwan/netra
236105405,2,netrubik/HelloWorldTest
232211229,2,netsead/nirvana
236568768,2,netscylla/Jupyter_Vulncheck
220438310,2,netscale-technologies/gorush
51596073,2,netsage-project/netsage-pipeline
236531430,2,neuronetio/mltvrs
236840484,2,neuronetio/polonez
234352990,2,nets7snipper/nets7snipper.github.io
232623011,2,neuronflow/BraTS-Toolkit-Source
233187994,2,netspencer/swift-mastery
231487751,2,neuronflow/brats-toolkit
232279840,2,netrogue79/command_hello
232317548,2,neupanedipen/neupanedipen.github.io
234721142,2,netroby/osctl
234854803,2,netroby/gosense-docs
234662380,2,neuronupheaval/brownianmotionanalogy
232674346,2,neurophysicole/deepeye
110789539,2,netsec-ethz/scion-apps
152557484,2,netsec-ethz/scionlab
235380903,2,neuronalX/workshop-AI4industry-2020
235217991,2,neuronadev/fomento
236797964,2,netsirk53/gnome
165278259,2,neuromat/web
235493502,2,neuromorphicsystems/epaper
233177796,2,netshubin276/Netshubin
236745193,2,netshiaMR/mtspacetasks
234732528,2,netsharpdev/seleniumtest
235457937,2,neuromorphicsystems/led_panel
231513675,2,netseraph/Other
236567275,2,netsensei/ansible-role-plenv
234961282,2,netsemantics/sensor-v1
231644485,2,neuromotic/ComponenteInteligente
231938463,2,neuromotic/epileptic-seizure-detector_mobile-app
234319273,2,netsec917/Graph-Structures
236895475,2,neuron-dsai/nlp
234345767,2,neuron909/Juego
237027591,2,neuropoly/t2star-mapping
231701205,2,neuropsicologa/flor
231702270,2,neuropsicologa/neuropsicologa.github.io
237122620,2,neuroticninja/delta
235342890,2,neurotroph/Pricing_GLM
234351673,2,neusferrandiz/landingpage
237235034,2,netresj/niconico
228391951,2,netresearch/dhl-sdk-api-location-finder
234356229,2,neusferrandiz/madebyfieldwork
228393759,2,netresearch/dhl-sdk-api-bcs
233577836,2,neusferrandiz/minimalissimo
233578980,2,neusferrandiz/minimalissimo
233579311,2,neusferrandiz/minimalissimo
165254410,2,netresearch/config-fields-m2
236828136,2,netrebel/nsq-demo
234354765,2,neusferrandiz/minimalissimo
231250842,2,netrc/jsmods
232891463,2,netrc/ilograph
235261386,2,netravert/github-slideshow
232405198,2,neurotronix/hugo-pipeline
232957290,2,neuroteks/voice-cloning
232834013,2,neuropycon/neuropycon_demo
68329766,2,neurotechuoft/Workshops
236493410,2,neurorulez/Arcade-Ultratank_MiSTer
104675120,2,neuroscout/neuroscout-cli
137730176,2,neuroscr/loki-network
232402978,2,netriag/test1
233000358,2,neuroscr/loki-network-control-panel
236014730,2,neurosenya/Translocations
231303200,2,neurosie/rust-book-exercises
231822712,2,netriag/girhub-demo
200377774,2,neurosoup/psysite
233709365,2,neurosutras/optimize_simple_network
235772722,2,neurosys/aurrepos
235998897,2,neurosys/learnspring
236425303,2,neuroteams/LSTabiloM-
234810699,2,netriag/Rose_School_Structure
138520717,2,neurotechuoft/Neurostack
232997356,2,netsoftzhy/ZHGD
237051413,2,netspykhlia/practic
232561159,2,netwarp/todo-cli
237258540,2,nettolicious/react-learning
147768493,2,neurodata/graspy
214240118,2,neurodata/mgc
224497526,2,neurodata/uncertainty-forest
91442757,2,nettrine/dbal
234523862,2,nettraxx/tfo
231994061,2,nettoyoussef/dotfiles
236634444,2,nettooe/nettooe.github.io
236405504,2,nettok/stm32f746g-disco-rtc-dht11-microsd
232022064,2,netstack-dev/tcpdf
233452883,2,nettofarah/typescript-makefile
232826595,2,neurodeep/dotfiles
236391157,2,netto89/nnn_front
236391108,2,netto89/nnn_back
233589015,2,neurodeep/intro-to-heroku
231842205,2,neuroelectronics/EphysPlatform
235216526,2,neuroflip/AhxMidiPlayerSite
233286014,2,neurodance/github-slideshow
111494378,2,neuroconductor/stapler
233577233,2,netty1010/markdown
233578661,2,netty1010/markdown
234833714,2,netwa1ker/tutorial
235553332,2,netvolutionfr/td20200122-2
234122355,2,netvolutionfr/SIO_responsive
235539003,2,netvolutionfr/SIO_form
235829044,2,netvolutionfr/20200121
231371248,2,netvida/locationVoiture
235006000,2,netvarun/sangeet.js
235005033,2,netvarun/sangeet.js
232630515,2,netux/pxls-mobile-rework
45686158,2,netuitive-community-packages/netuitive-packages-linux
236349795,2,netufo/rss
237114186,2,neuroconductor-devel-releases/voxel
236418546,2,netufo/public
236418209,2,netufo/netufo.github.io
233571022,2,netty1010/markdown_test
141987967,2,nettitude/PoshC2
235647280,2,neurofmri/example1
231600023,2,nettigo/SSD1306-12864-example
237073743,2,neurolabusc/pigz-bench
235898279,2,neurolabusc/simd_crc
232600159,2,neuroleptic/solstice
236502587,2,neuroloops/resume
122777015,2,neuromancerxi/darkstar
235565459,2,neuromantic-js/dancing-moose
232130788,2,neuromantic-js/dlang-jwt-server
237190000,2,neuromanzer/Calculus
237225247,2,neuromanzer/Calculus
237228828,2,neuromanzer/cal
237227072,2,neuromanzer/calc
236623833,2,netstatlas/netstatlas
231856544,2,netstat-tyrant/sic-semper-tyrannus
236584747,2,neuromat/EEGretrieving
232080929,2,netstager-pvt-ltd/vizru
232024479,2,netstack-dev/tcpdf-netstack
231429121,2,neurolabusc/simd
236617689,2,neurojojo/teamtremble_classes
235353712,2,nettic/2020-01-21-Hannover-Data-Science
236561222,2,neurojojo/teamtremble
236666766,2,netterie/netterie.github.io
234395397,2,nettemsarath/circleCI-101
234402221,2,nettemsarath/circleCI-1
234999011,2,nettemple/test01
235654898,2,nettej17/jeanetteicgifts
233379565,2,neuroforgede/hetzner_set_dns_a_record.py
231547680,2,neurogenomics/scFlowExample
17838324,2,nette/utils
17694277,2,nette/php-generator
4732503,2,nette/latte
17694329,2,nette/application
235642491,2,netsys-security/assignment1
235208369,2,netsys-security/assignment1
234158596,2,netsurf-plan9/nsport
61214475,2,neuroglancerhub/neuroglancer
236416869,2,neuronic-ai/ChatBot
108274279,2,netguru/ruby-figo
234292123,2,nerudesu/word2vec_id
231326028,2,nesetaydinn/basicCprogrammes
233440068,2,nesibovsenan/senan
236985347,2,nesibeyyubov/todo-in-react
236052816,2,neshto-zabavno/ar-gyro-camera-unity
236460711,2,neshtedle/paradigm-
237234893,2,nesho84/Portfolio
235328058,2,neshlabs/unesh
234684932,2,neshlabs/gonesh
234684693,2,neshlabs/dotnesh
232609802,2,neshkeev/intellij-community
236804383,2,nerdi-caveman/portfoliov2
234124737,2,nerdi-caveman/studio-site
233522316,2,neshkatrapati/cxnrepo
232553097,2,nesherson/freeCodeCamp-Responsive-Web-Design-Projects
234399820,2,nesherson/background-generator
235996988,2,nerdinacity/aizazamjad
233108829,2,neshdev/gre
236010898,2,nerdinacity/aizazamjad.github.io
231634642,2,neshanth/nesh-13
235956837,2,neshanth/my-todo-app
231522053,2,neshaman/manoilov.me
231520629,2,neshaman/manoilov.me
234125290,2,nerdi-caveman/gatsby-starter-default
237113977,2,nerdherdwa/leaflet
231912506,2,nesimimemmedov1/transportation
232034451,2,nerdalert/scrape-trending-repos
236609504,2,nerd35/kikalite_beauty
232130137,2,nesmon/crd-github-page-example
231670080,2,nesmeyanov/TetrisJS
235768177,2,nerd35/vent_project
237224489,2,nesmayoussef/Potentials
235463621,2,nesma-ashraf/DRL
232442325,2,nesma-arby/restaurant-app
234728581,2,neslxzhen/KomicaViewer
36649055,2,nerdalert/cloud-bandwidth
236344014,2,neslihanu/karma-clone
237113048,2,nerdherdwa/Pixi
234074511,2,neslihanu/Git-test
236507283,2,neslihansalimoglu/Happiness.
236852618,2,nerdalertsyd/Arrays-final
236853027,2,nerdalertsyd/Reading-Files
232404662,2,nerdalertsyd/shopping-list
233266032,2,neskirbi/point
236385892,2,neske89/ci_mailer
225373610,2,nerddan/udacity-nd009t
236005452,2,nerdeaux/intro-prog
202141401,2,nesfit/toreator-ui
231585253,2,nerdinthefuneral/test.github.io
234561107,2,nesterenok/radiative_transfer
234865868,2,nesengani/Boss-T
235807341,2,nesara009/testGit
236413181,2,nesara009/mai
232856175,2,nerdlee/developerzone-chattingapp
236409344,2,nesara009/git
236430764,2,nesara009/DashBoard
234849021,2,nesadkadric/markdown_test01
232852136,2,nerdlee/feedbackhunter
231921055,2,nesadiankemo/web-practice
232853082,2,nerdlee/feedbackhunter
234373932,2,nes11/jolis-news
232856782,2,nerdlee/key-value-store-project
236926463,2,nes10/Site2
236924961,2,nes10/Site1
232855628,2,nerdlee/moviegallery
233937792,2,neryjoao/monitor_frontend
233937767,2,neryjoao/monitor_backend
237036686,2,neryda/midisystems
231505975,2,neryad/04-noticias
122925447,2,nervosnetwork/rfcs
236931753,2,nerdlobe/nerdlobe.github.io
162992291,2,nervosnetwork/p2p
232848282,2,nerdlee/FeedbackHunter
231204185,2,nerdlan/cli
231204185,2,nerdlan/nerdlan
235810249,2,nesara009/web
236509542,2,nescioTamen/theWayOfTheTurtle
234816640,2,nesegulkeskin/NESHEIT
231253235,2,nerdishhomosapein/TensorFlow-Course
231255993,2,nerdishhomosapein/github-slideshow
235416598,2,nerdjfpb/Timer
233674410,2,nerdjfpb/javaScript-Series
231172683,2,nescoba/nescoba.github.io
231172234,2,nescoba/nescoba
231169952,2,nescoba/learningWebPage
231328886,2,nescirem/gerris-dev-docker
232392315,2,nerdjfpb/node-note-app-using-commands
233275520,2,nesarares/simple-orsay-paintings-scraper
232308179,2,nesc58/nunit-test-project
232307370,2,nesc58/nunit-test-project
234276604,2,nerdjfpb/weather-app
237063638,2,nerdk312/AMDIM_decoder
102661666,2,nesaulov/surrealist
233080700,2,nesati/czech-article-match
236087317,2,nerdking00/bouncing-ball
233558882,2,nerdking00/weatherapp
236556179,2,nesarazui/TripPlanner
234684290,2,nerd-oreo/sda-clib-project
85190399,2,nerbiz/wordclass
232880099,2,nerazzurri-net/re-wiki
237028591,2,nespot2/YoungSu-Farm-frontend
235838199,2,neptuneresearch/block_propagation_study
234412090,2,neptunerockets/U5-ACSM
232878346,2,nesta-bg/TheManager
232874458,2,nesta-bg/TheManager
237224345,2,nesta-bg/Angular8-App-Part1
237193285,2,nesta-bg/Angular8-App-Part1
232622325,2,neptunseagod/PayMyPal
231482663,2,nepu-yangjiaxiang/zuoye
33933892,2,nest/nest-simulator
233514948,2,nepudding/poke
234853440,2,nest-cloud/schematics
232263146,2,nepwork/handbook
234327723,2,nepworldwide/nepms-zendesk-stats
233426596,2,nepx/l2j
234884707,2,nest-cloud/nestcloud-cli
161628025,2,nest-cloud/nestcloud
236078207,2,nessun-rimorso/vue-ad-project
232234159,2,nepyanbin/MarvelSDK-Docs
236321543,2,nepython/SU_Kart
233863176,2,nessrineGrioui/projectDev
233829577,2,nessrineGrioui/projec1
234292716,2,neptunecorsiva/pyns-images
233056371,2,neptuneWebDev/TelephoneNumber
233105804,2,nestand/Lesson-4
114853796,2,nestcn/docs.nestjs.cn
232910393,2,nesteral/cv
223392386,2,neptune-ai/example-project-code
237195661,2,nestelementary/QALightG117_DZ
231194210,2,nestedsoftware/react_pg
233495773,2,nestedgnn/NestedGNN
182989613,2,neptune-ml/neptune-notebooks
231482003,2,neptune00123/java180
232289131,2,nested-space/fxStreams
231245095,2,nestdanchia/AngularNgrx8Moongose
161505402,2,nestauk/svizzle
235390987,2,nestand/Lesson-6
236967128,2,nestauk/atlas
234328215,2,neptune1997/diac
236436961,2,nestauk/ai-ci-mapping
234972158,2,nestarz/radio-zapping
234737076,2,nestarz/printer
232163968,2,nestarz/contenu
235799662,2,nestarz/aspirateur-a-epingles
232879449,2,nestarono/nestarono
234631444,2,neptuneWebDev/SKYPAD_FORUM
90027838,2,nessos/Eff
231765743,2,ner-aim/Box-Shooter
233161855,2,nesslan/nesslan.github.io
236552943,2,nesrinesaidi/newmodules
231777803,2,ness9/salvator_mundi_art_price_predictor
234806904,2,ness-96/ness1
234804982,2,ness-96/ness
236163915,2,nesryn/chatbot
233485041,2,nesror/egg-typescript-cli
82365271,2,nesror/MultiColumnsPicker
235296858,2,nesrmax/intouch
235307113,2,nesrmax/The_Baking_App2
235308452,2,nesrmax/BuildItBigger_nano
233930955,2,nesrinera/compilation
231310356,2,nessacor16/AboutV.C.
233661067,2,nerahmou/piscine_cpp
236522203,2,nesrinebnh/Small_JAVA
233706053,2,nerahmou/piscine_cpp
232423157,2,nesreentrgalal/cart263
231690500,2,neranjaka/CarND-Capstone
235744308,2,nesquivelr/DVRP_GA_KMEANS
235744308,2,nesquivelr/DVRP_GA_Kmeans
232476580,2,nesquik91/TCCG
234734463,2,neraquasar/fx-decoder
234168082,2,nerau/sancor-ajuda
232269362,2,nessacor16/09-portfolio-update
237084866,2,nessacor16/Bamazon-Customer
231840338,2,nessieSnippets/oblique-strategies
231658415,2,ner04ngelo/08-Sockets-Nodejs
235522255,2,nessie-rob/bojm
235520028,2,nessie-rob/bojm
235519616,2,nessie-rob/bojm
236534208,2,nessica98/whereisprojectapp
236637763,2,nessialaxmyhestia/0110
231594134,2,ner-aim/Course-Projects
237256009,2,nessferatu/random-dumpster-fire
235601461,2,ner-aim/TwinMemories-Prototype
234597595,2,ner00/libretro-thumbnails
232805128,2,nessessence/CourtCatch
235402112,2,nessacor16/Constructor-Word-Guess-Game
232804761,2,nessessence/CourtCatch
233133161,2,ner04ngelo/09-socket-app
234800960,2,ner04ngelo/10-socket-chat
234784062,2,nessamahi/octo
232267823,2,nessacor16/V.C.Profile
237083574,2,nessacor16/MySQL-HW
236644407,2,nessacor16/Heroku
235433219,2,nessacor16/Constructor-Word-Guess-Game
235411849,2,nessacor16/Constructor-Word-Guess-Game
164082376,2,nervosnetwork/docs
197681556,2,nervosnetwork-dependabot/p2p
235734103,2,nervomot2005/Hello-world
236022703,2,nereikalingas555/nereikalingas555
232748565,2,nero-haiyue/haiyue-li
231517626,2,nero-angela/ssl_test
231318377,2,nero-angela/Test
231305627,2,nero-angela/Test
233978527,2,nernstp/pfds
234981801,2,nermin97/WT-Spirale
232684541,2,nermiin/Automata
237042885,2,nermien990/whatsApp
236209741,2,nermien990/coffee
236222560,2,nermien990/Cofee_App
191818887,2,nergica/odoosh
236215014,2,nermeen2711/Amarket
232000722,2,nermeen2711/Amarket
236298058,2,nerkulov/dotfiles
236298035,2,nerkulov/cpp_codes
205869014,2,nerkulec/TerraformingMarsTS
237247543,2,nerkulec/PolAndCeleb
236222343,2,nerkulec/ClenshawCurtis
231644417,2,nerjs/simple-git-history
234950539,2,neriyad/ad
234102103,2,nergisdanis/516
231270480,2,nero-networks/minimalrest-socketchat
232522309,2,nero-tulip/testmap
236167138,2,nero149/Nero-Data
232377075,2,nerocui/ThanOS
235639463,2,nerevarineHD/nodeSlackbot
235991995,2,nerohmot/kbuoy
235987925,2,nerohmot/kbuoy
25489947,2,nerevu/akili
237163479,2,nerohmot/ATE.org
236279413,2,nerohmot/ATE.org
236138583,2,nerodroid/GitHub-Event-Jaffna
234423024,2,nerfZael/QuickDevTool
231581705,2,nerodark/Kodera
233733997,2,nerocui/NativeCoder
231891315,2,neroRGB/Nero
232135497,2,nerocui/DiamondFinder
234663275,2,nerflim/project-tracker
236474856,2,nerocrux/rp
236991484,2,nerflim/wg-systems-api
236037650,2,nerochaniago/bct-generator
236809221,2,nerobot1/go
232096622,2,neroZWX/machinations
232091257,2,neroZWX/TRPG
231924152,2,neroRGB/first-web
237113938,2,neriyabl/networks-exercises
234694892,2,nerixim/circleci-bundle-update-pr
235191777,2,nerivera/diep.io-Tank-Progression-Finder
235711073,2,nerialexandre/devradar
234651302,2,neridonk/sewaerfsd
235792916,2,neridonk/DesignStuff
236250961,2,neriberto/writeups
237162234,2,nerianighthawk/AtCoder_Haskell
237134827,2,nerialexandre/modulo-iniciando-gobarber
236895665,2,nerialexandre/gostack-desafio-01
236861919,2,nerialexandre/gostack-desafio-01
232712406,2,nerialexandre/gatsby-teste-netlify-cms
232711979,2,nerialexandre/gatsby-starter-netlify-cms
235683058,2,nerialexandre/devradar
233420527,2,nerijus-st/hierarcher
235677917,2,nerialexandre/devradar
233949473,2,neriGabriel/semana_omnistack_10
237258483,2,neriGabriel/react-app-consumindo-api
235648916,2,neriGabriel/node-express
231766923,2,neriGabriel/data-science-machine-learning
231766535,2,neriGabriel/data-science-machine-learning
237209866,2,neriGabriel/api-carros
237210175,2,nergmada/jekyll-planning-wiki-plugins
237219717,2,nergmada/jekyll-planningwikiplugins
234818021,2,nerigardu/dotfiles
232728165,2,nerikara/play-hands-on
235208935,2,nerivera/Trap-Game-Outline
236398259,2,nerissasunit2k/AngularExercise
235206624,2,nerivera/Tic-Tac-Toe
235215580,2,nerivera/Snake-Remake
236408677,2,nerivera/Periodic-Table-Aid
236407030,2,nerivera/Periodic-Table-Aid
235196418,2,nerivera/Paint
235147433,2,nerivera/Math-Game
235219718,2,nerivera/Hangman
235221420,2,nerivera/Calculator-The-Game-Solver
235223835,2,nerivera/Caesar-Cipher
236396906,2,nerissasunit2k/AngularExercise
228537962,2,nerikara/progression-quiz
231705019,2,nerissai/nerissai.github.io
231795999,2,nerisnow/reviewsNLP
231793180,2,nerisnow/reviewsNLP
233081824,2,neripinata/eyes-following-mouse
233152559,2,neripinata/automatic-mario
235136326,2,neripinata/Photos2019
235135452,2,neripinata/GoogleHashCode2019QualificationRound
234727995,2,neripark/tech-blog
236991693,2,nergmada/jekyll-plannertags
236066780,2,nereikalingas555/nereikalingas555.github.io
234795995,2,nerohmot/spinnerd
158654878,2,nervetattoo/simple-thermostat
232838220,2,neredumelliprasad/POC_SpringBoot
233418305,2,neruko40/pictgram
236091133,2,neruko40/barbarian
235238787,2,neteroDev/mecodi_static.github.io
234531773,2,nerudesu/neural-style-transfer
235313565,2,nerudesu/anitag
233225348,2,nerds-codding/DataScienceWithPython
231194454,2,nerty101/TEXT-FIGHTER-JAN-2020
80953496,2,nerdschoolbergen/all-about-testing-code
116946102,2,nerdsofalltrades/shopify-product-feed
135489088,2,nerdstep/react-coordinate-input
235524567,2,nertim/timer
235675717,2,nertigel/nObfuscator
233093000,2,nerdstgamers/On-Boarding-Documentation
232124225,2,nersus15/statistik
231274128,2,nerdtakula/ansible-minecraft-server
233263889,2,nersus15/simple-spk
233278495,2,nerdwiredev/linkpagerepo-
235723983,2,nersus15/hipelmas
236689572,2,nersirion/predict-demand-online-retail
236670078,2,nersirion/Tensorflow.Keras-and-CIFAR-10
236320180,2,ners/Hoard
233805624,2,neruneru0419/tweeting_koishihshs
235335540,2,nerushtest/env
97680784,2,nerds-and-company/docker-heroku-rails
231273430,2,nerdommicro/MicroCommerce-WPC
236454334,2,nervetattoo/house
236652753,2,nerdneilsfield/learn-boost
233134788,2,nerves-build/rotary_encoder
233133041,2,nerves-build/rotary_encoder
231728423,2,nervermore2/personalweb
232689581,2,nerdommicro/MailingList2020
231618533,2,nerdommicro/Micro-Zon-Business-Reports-By-ASIN
231807815,2,nervequake/NQBot
233009001,2,nervepoison/vueexpress-blog
233010992,2,nervepoison/vueantd-demo
233853469,2,neruthes/LP142
235785571,2,nerdommicro/morning-springs-59038
234040663,2,nervepoison/antd-vue-demo
207280696,2,nerveosity/spaceinvaders
231485061,2,nerdralph/picoI2C
237263642,2,nerdrobot/CompilerFrontEnd
121500720,2,nerds-and-company/craft-sentry
236970552,2,nervaz/hey
236919397,2,nerv2000/ts-redis-ranking
236584722,2,neruthes/LP901
234269726,2,nerry10495/Ners
231553484,2,nerrorsec/nerrorsec.github.io
233469043,2,nerdwiredev/websiterepo
231853954,2,neronbadillo/asdfghjkl
237264725,2,nerdykai/GitHub-Atom-Review
235601835,2,neronex/testgatsb
235601977,2,neronex/testgast
232841904,2,nerdylabs/repo
233241369,2,nerdymuslim/OOP
235629951,2,nerdynick/terraform-confluent-platform
232486679,2,nerdynz/specky-service
232681663,2,nerdyrook81/Diablo
235608478,2,neronex/testeee
235188196,2,nerdyscout/ProMicro_GPS
236437239,2,neronmoon/GGJ2020
235622964,2,neron90ue4/DriveGameDemo
233006571,2,neron2150/react-nn-visualizer
234335930,2,neron2150/play-canvas
232529406,2,neron2150/js-nn
236353606,2,nerdyworm/betaflight_configs
234597423,2,nerdzi/imtferno
232353494,2,neroksi/scraping
234977079,2,nerealnosti/WeatherApplicationTest
234579495,2,neredumelliprasad/POC_SapHanaIntegrationProxy
64819105,2,nerdyfactory/react-native-simple-gauge
234932028,2,nerdydave/git_test-project
232742583,2,nerdy-adams/never_startup
117926283,2,neroxps/qemux86-64-homeassistant
232283683,2,nerrons/gov-data-scraper
232627376,2,nerdy-creative/nerdycreative-website
232365004,2,nerpianicolindo/blog
232347619,2,nerpianicolindo/blog
234030962,2,nerdy-creative/theme
234227155,2,neroze/wordpress-headless
232776777,2,neroze/echo-js-feed
235701500,2,nerdy-glasses-tester/ProtractorTypescriptOrchardMile
235045414,2,neroxps/test-a
232784315,2,nerox8664/to_dng
236170570,2,nerdycreative-ch/SpotFinder
235867536,2,nerox-puzr/loader.m0ved.xyz
204065308,2,neroute2/HighwayData
233998220,2,neroswords/Nero
231231029,2,nerososft/YaRaft
235924052,2,nerdy-glasses-tester/XomePython3
235937675,2,nerosean/Shinero
235400950,2,nerdyamigo/abc
234126881,2,nerdyamigo/marvelous-velociraptor
231455733,2,neroov/ubuild-jekyll2
237196939,2,nesterenok/function_calculation
67830725,2,nessieisreal/nessie-ios-sdk-swift
236332109,2,nergro/Kaimas
231492011,2,netcloud-home/website
231489102,2,netcloud-home/home
233092329,2,net0218game/game.net0218.github.io
233301801,2,net0218game/david.net
233126463,2,net0218game/david.github.io
231487497,2,netcloud-home/home_page
233124297,2,net0218game/DroidShare
234854671,2,net-wizard/Medicare
232648367,2,net3000/allpennystocks.com
231493724,2,netcloud-home/website
232815257,2,neowide/gostack-01
234851872,2,net-wizard/Medicare
49247698,2,nephiw/bellecreekmd
234766239,2,net-vinothkumar/devops-cicd-demo
235617117,2,net-vinothkumar/cicd-k8s-demo
234996846,2,net234/hello-world
206068963,2,netcloth/official-website
208081789,2,nephilim-software/nephilim-www
236320189,2,netbrmano/atualizabb
236561190,2,netVoix/ohsystem
231881340,2,netVoix/ltd1x1
236680915,2,nephilim/face-detective-android
195698986,2,netTrek/ng8Adv
234926481,2,neoxadev/website
235082450,2,neoxadev/display
231434645,2,net93/net93.github.io
236170094,2,netchand/restAssuredUserProject
231431604,2,net93/howto.github.io
232672614,2,neowulf/vitess
38562009,2,neowu/core-ng-project
232033870,2,net388488/R1s-h5
13756141,2,neowit/tooling-force.com
231882456,2,net388488/NanoPi-R1S-Build-By-Actions
229563908,2,netcode/Ghost
230607234,2,netcode/shieldfy-playground
234940208,2,net-vinothkumar/cicd-hellonode
236094906,2,net-95/IBM_DS_Sertification
233791273,2,nephrox/vesm1
237101458,2,net-engine/ts-module
234291817,2,netconstruct/hackathon-2020-map-prototype
235744285,2,netcooldeveloper/twitchbottrans
233029859,2,net-course/template
232815754,2,net-codes/networkcodes
231770870,2,net-6/recap-CristianCovaliu
232849967,2,neowide/Gostack-01
235736919,2,netcooldeveloper/twitchtransbot
231645878,2,nephtali-hernandez13/Advanced-NodeJS
232626053,2,netcoolery/PureTest
231497577,2,net-110/sp-config
231707463,2,nephtali-hernandez13/Creating-a-graphQL-Server-with-NodeJS-Express
235239132,2,nesya04061919/the-chessboard
233893891,2,nephrox/vef1
232537813,2,netcon-consulting/public-ssh-keys
130880526,2,net-lisias-ksp/Principia
143370932,2,net-lisias-kspu/AGExt
133546118,2,net-lisias-kspu/AirPark
143372306,2,net-lisias-kspu/AutoAction
233894084,2,nephrox/nephrox.github.io
145611016,2,netcompanyno/robocode-submission-system
232349194,2,nephroflow/github-actions
232677035,2,net-shell/bulgarian-rose
236666848,2,netcoding87/rescripts-babelrc
236590291,2,nephridium/tab-editor
234121523,2,netcodeclabRep/symfony
154458910,2,net-tools/dhtmlx-calendar
237257197,2,net-tools/phpunit-dump
234105580,2,netcodeclabRep/escolastico
232194115,2,neowide/Express-with-nunjucks
234903353,2,netVoix/wurstLib
234527417,2,neta-eng/Neta-world
232714236,2,netcoolery/PurerTest
236633863,2,netanoir/first-itp-website
234336175,2,netarazvan/r.neta
228929518,2,netbootxyz/docker-mod-layers
232234371,2,neozhaoliang/UniformTilings
234293266,2,nepalprabin/github-slideshow
232443651,2,neozhaoliang/Coxeter-Tilings
236076208,2,netbootxyz/linux-efi
231243658,2,netanelvaknin/ask-rabbi
183942096,2,netarch/neo
232135035,2,netanelmaroof/taxied
232026904,2,netanelgilad/yoshi
237063908,2,netanelgilad/depno
234764034,2,nepalprabin/nepalprabin.github.io
232023419,2,netbootxyz/pciids
233177156,2,neozenith/homl
232963361,2,netbob/github.io
233328319,2,netbob/ga_blog
128048340,2,neta-kedem/Standing-Together
232215968,2,nepalidev/SocialNetwork
233964372,2,netbeez/fast.com
234068603,2,nepada/envy
232990823,2,neozhu/wxdptms
233233087,2,neozhu/mqtt_tutorial
237112430,2,netbel131/net_class_02
232828182,2,netaz/pyro_tutorials
236891394,2,neozhu/authenticationTutorial
234063748,2,nepalprabin/django-rest-api
231200869,2,netarrow/unity3d_exercise
231675052,2,netbiosX/CheatSheets-Website
235196380,2,netardlas/netlisop
237035533,2,netbird13/AK-VS-Code-Extension
40418146,2,netblue30/firejail
232963045,2,netbob/blog
233729918,2,neoys97/data_analysis_project
234859421,2,nepalprabin/nepalprabin.github.io
234935085,2,netanel-tn/home-assignment
231972900,2,neta767/neta767.github.io
234416256,2,neoxium/bdx-departure
231706413,2,neoxie/docker-auto-build
231243154,2,neta767/netaly-klemann-2-1-2020
231482568,2,nephatrine/docker-registry
235471555,2,neoxcorp/square-repos
231974383,2,neta767/neta767.github.io
231960273,2,neta767/neta767.github.io
237190421,2,netamateur/wwc-go-workshop
231956104,2,neta767/neta767.github.io
231954292,2,neta767/neta767.github.io
231951869,2,neta767/neta767.github.io
231951869,2,neta767/neta767.github.io-
232575385,2,neta540/icomoon-halloween-game-icons
234873461,2,netbrainers/netbrainers
232576147,2,neta540/icomoon-halloween
234568230,2,nepella/vim-feature-bufmode
231731333,2,netboy01/code
234967063,2,neoxm/RiskFirst
232367553,2,neoxolotl/cloud
236891742,2,neoys97/Intro_Swift_App_Dev
233731310,2,neoys97/TimeTracker_iOS_App
236372650,2,netaglazer/tcr_classification_CNN2
236449156,2,netaglazer/test1
232689188,2,netahardy/Algo2
232593940,2,netahardy/Tes
233008806,2,nepalprabin/recipe_app_api
232707185,2,netajax/netajax.github.io
236669714,2,netbot-prog/100DAYSofCODE
236770994,2,netbospl/UsefullScripts
234516729,2,neoys97/TimeTracker_iOS_App
231895359,2,netakoi/netakoi.github.io
235054474,2,netalex/freecodecampAngular8AppIn11StepsTutorial
231171846,2,nephtali-hernandez13/RESTful-Web-Services-with-Node.js-and-Express
75185063,2,net-tools/core
235410426,2,nesvoboda/libasm
231882980,2,nestor57/nestor
138716386,2,netease-im/NIM_ReactNative_Demo
233474835,2,neporshiso/JS30
234344990,2,neporshiso/invesco_challenge
231633402,2,neporshiso/learnyounode
236593972,2,nestor94/platzi-go-course
232590159,2,nestor94/go-platzi
236191967,2,nepral/GB_and_MB
235845659,2,nestorhabibi/Coursera_Capstone
234421737,2,nestor211174/panama
234793087,2,nepral/linux_uname
232264182,2,nepridumalnik/-
235495894,2,nestor-salazar/practices
30651283,2,neovim/node-client
234860700,2,nestor-c/etchasketch
45450044,2,netease-im/CrossPlatform-SDK
233458392,2,nestoralonsovina/locale-manager
234770181,2,nestorarrabal/An-lisis-del-periodismo-de-datos-en-los-medios-deportivos-espa-oles
232616430,2,nepoklonov/kalevala
233410441,2,nepo0/just-a-bot
233335063,2,nepnep31/laravel-clone-database-to-migration-and-seed
135823083,2,netdotwork/netdotwork.github.io
234759116,2,nestorarrabal/Hello
236043681,2,netdevops1/test1
233421620,2,netdevjamie/diplomate
237106451,2,nestorassert/asserttests
235766222,2,netdeveloper1job/myrepo
233977735,2,netdetpla/task-service
234276527,2,netdetpla/port-scan-rr
234189052,2,nestordialpad/repo3
231889940,2,nepnep123/-Reference-Unity
232463297,2,nestoredu07/mycv-website
236993612,2,netebakari/AwsLambdaTemplate
232265541,2,nepridumalnik/CPP-threads-sockets
233548639,2,netec-2020/netec
236767876,2,neovanorphen/rails_api_mails
234566040,2,nesterenok/radiative_transfer
233089680,2,neterno/jenkinssamples
232820932,2,neternefer/theatre
235269043,2,neotyp/t0121
231748652,2,neptoo/story-blog
204088327,2,neptoo/one-step
234565779,2,nepthar/nepthar.github.io
237236788,2,nesterov1X3/proj
237236788,2,nesterov1X3/tests
236031372,2,nesterow/nuxt-strapi-auth
232091112,2,nesterow/provide-consume-decorator
236025410,2,nestersa/Burkburnett-IT
237122014,2,neotyp/t0130
234091980,2,nepthantoima/neptha-
202318188,2,nestfanscore/nestfans.com
235912268,2,netereal/toxic-comment-classification
232265331,2,nepridumalnik/Python-convert-svn-status-to-XLS
233247806,2,nestfox/jekyll-netlify-boilerplate_bg
231668151,2,nestjs-ko/docs.nestjs.kr
234195017,2,nepta1998/no_num-rica_material
232400998,2,neten12/Sudoku
232399133,2,neten12/AWSLambda-S3-ElasticSearchInjecter
232237627,2,netembalagens/netdata
235585836,2,netelufabc/certificador
233709390,2,nepstat/Portfolio-Using-Bulma-framework
119735212,2,nestjsx/nest-router
237239498,2,neprotod/shool
95683614,2,nestlabs/nlbuild-autotools
233710071,2,neprotod/goit-react-hw-03-image-finder
236512488,2,netelli/mobile-app-ws
233243116,2,neprotod/goit-react-hw-02-feedback
232659978,2,neploch/IMDb
233293807,2,nepogabriel/blog-b7web
236628132,2,neowalter/data-analysis
236253938,2,nestorjunior/js-calculator
234096958,2,nestorsgarzonc/weather_flutter
231229295,2,nestorlg/TFG_MetaDiccionario
232617273,2,neowalter/code-cheatsheet
236048066,2,nestorsgarzonc/todo_app
233723340,2,nestorsgarzonc/provider_flutter
231695519,2,netcutren/zzf
235900473,2,nepisman-lab/WMProject
237009047,2,netcoredor/OpenC2-FileQuery-PoC
237011572,2,netcoredor/OpenC2-FileQuery-PoC
234022488,2,neowang-cn/neowang-cn.github.io
236990120,2,nestorneto/datocms-React-Apollo-demo
230517668,2,nestorolivaresh/DoIt
234162427,2,nestorperezharo9/Kata6
231550647,2,neowebdeveloper7/my_first_rails_app
233173536,2,nestorsgarzonc/flutter-notifications
234104336,2,neowebdeveloper7/google-homepage
235178290,2,nestorsgarzonc/flash-chat-flutter
235579704,2,nestorperezharo9/Kata6
111332894,2,netcosports/Sundial
234739934,2,nestorsgarzonc/bitcoin-ticker
234145890,2,nestorperezharo9/money_calculator_is2
231745012,2,neowebdeveloper7/git_test
233723481,2,nestorsgarzonc/beats_app
235558922,2,nepisman-lab/RegistarPreduzeca1
233139418,2,nestorsgarzonc/BMI_calculator
232003077,2,nepiltzin/001
235431436,2,nepisman-lab/RegistarPreduzeca
236627240,2,nephtali-hernandez13/magento
232465545,2,nestorivanmo/Codewars
234027848,2,nesu/f46ss2
233025165,2,nestya7777/java_course
230519541,2,netcore-bcn-20/azure-devops-pipeline-sample
233212523,2,nestorhabibi/IBM-Data-Visualization
236806830,2,nephtali-hernandez13/SFCC
237104038,2,nesvila90/soapclientspring
233863108,2,neowalter/blockchain-apps
231666436,2,netcordovaleon/CTSearchFight
232731952,2,neovnishant/NeoSOFT
158980929,2,netdata/helper-images
233102325,2,nesuns/ajs
233317648,2,nestorjunior/calculator-js
232843357,2,nephtyws/woongconnector
231510942,2,nestorivanmo/IntroductionToAlgorithms
234276474,2,netdetpla/port-scan-ns
232182096,2,neowide/Dasafio-1-rocketseat
110267337,1,neurodata/neurodata.io
234057335,1,neovasili/test-master-repo
205668077,1,gzlj/myhttp
136737815,1,gzgywh/ACM
51109883,1,nepada/template-factory
24677663,1,neuromat/nes
69016351,1,gzh0823/001
17078727,1,neovim/neovim.github.io
129126442,1,gzh0229/my-own
209466294,1,gzm-kohei/layout_parts_new
234055574,1,nepada/phpstan-nette-tester
190115776,1,nerdy-glasses-tester/XomePython3
234057423,1,neovasili/test-fork-repo
162427060,1,gzfreeman/smsinterface
222072250,1,gzg1023/vue-package
233576507,1,gzimbric/Grove
232865876,1,nerdy-person-123/friendly-lamp
232020432,1,neuromusic/hackerpet-games
210255738,1,gzlingh/CgcPlatformApp
230664418,1,gzm17/sakanana
234856780,1,gzg1984/MyBatis-example
235707023,1,neowenshun/crmrndonly
193538529,1,neurodata/scipy
221534823,1,nerdycraft/NerpyBot
20585196,1,neuromusic/neuromusic.github.io
236168252,1,nerdycreative-ch/SpotFinder
235043562,1,neozhu-msft/neozhu
234533239,1,gzimax/plugin
157113728,1,neotypes/neotypes
231423627,1,nergizunal/Operating-Systems
233346456,1,gzh205/DeleteFiles
230955391,1,gzileni/eos-test
50844757,1,neurodata/m2g
235793081,1,neowin35/budget-angular
157468933,1,gzl118/bootdo-xsmd
139605377,1,neurodata/talks
236959331,1,nereuschill/nereus
223000401,1,neurojojo/laptop_database
233886992,1,gzhmat/Gu-lab.github.io
231375226,1,nerfmee/clock
229269702,1,neuroimaging-mug/R2s-mapping
185413533,1,neuroimaginador/fcaR
232582039,1,neurogoo/servant-swagger-ui
232570608,1,neurogoo/servant-swagger
232515050,1,neurogoo/aws-lambda-haskell-runtime
44962246,1,nerevu/4w-visualizer
212700208,1,neovintage/notebooks
236003241,1,neuroescorpion/neuro
88959069,1,gzl003/gzl
233186319,1,gzhx210124/dandelion-standard
212570610,1,gzholtkevych/netcomm
232130315,1,neox453/Neox
234629613,1,neowutran/qubes-doc
236988160,1,nerflim/wg-systems-api
220272432,1,neuroforgede/blog-sandbox
197637766,1,neurodata/meditation
237271121,1,nerfshacopls/Uni_Contacto_Con_Android
223024293,1,gzieba/RealEngine
236639981,1,nerdypinkbooks/aws-s3-proxy
234208288,1,gzhkhd/ideaTest
236021062,1,gzileni/clementIOT
204720122,1,neurodata/MBAC
237169350,1,neuromanzer/Calculus
224078442,1,gzldc/leetcode
229092478,1,neuromantic99/pyControl
236010609,1,gzhukov/fluent-plugin-clickhouse-json
236017760,1,nerfsmurf13/gisd-summer-collection-api
233129808,1,nerdyscout/ProMicro_Boost
229786254,1,gzileni/Hyperion-History-API
232473660,1,gzh7wc/capstone043
232293836,1,nerdysolution29/Geo-Search
232370721,1,neoxolotl/cloudconfig
236855142,1,neurologistyurtaev/manualnyiterapevt
193301686,1,nerdytux/share
205935021,1,gzhangx/balancingbot
139932963,1,gzhangx/bibleSender
184619653,1,neurodata/ardent
234303432,1,neurolib-dev/neurolib
232974893,1,gzhao408/the-quest-entities
231739829,1,gzharassov/My-Machine-Learning-Steps
19548750,1,neovim/pynvim
233263756,1,nereikalingas555/Linas
218380730,1,neurodatascience/neurodatascience.github.io
234371839,1,neuronalX/reservoir-learning-concepts-from-sentences
124311544,1,nepttune/admin
139504692,1,gzentkovich/recipe_app
107267577,1,neustupov/Java-Persistence-API-and-Hibernate
236896040,1,never2average/priyesh-sruvastava-au7
237264325,1,nerdCopter/IMUFuletta
220544326,1,nerdCopter/EmuFlight
230286832,1,nerd4me/dwm
231714222,1,nephtali-hernandez13/heroku
154865892,1,nerbiz/url-editor
192643092,1,never123450/MySource
234261751,1,nepia27/public
233976768,1,neramosp/cs50
236970268,1,neralas/iConsole
231423089,1,nerajshrm/temporary
210012037,1,neutral-af/backend
232815923,1,never003/cuddly-waffle
236944652,1,neradigommasrikanth/SriramApp
139745550,1,nerac/shooty
232496523,1,neutralboolean/NUMAD205-SamuelUgowe-Assignment-1
232495707,1,neutralboolean/NUMAD20S-SamuelUgowe-Assignment-1
235197199,1,ner553/coffee_project
198198570,1,neplayer1/konopka
205105358,1,neverCase/go-notification
234174055,1,neushree24/paass
235518232,1,neurotrip/neuro
231213045,1,nerdawitz/Mizuxe
233457481,1,gzavaglia/a-react-app-example-online-web-pt-041519
227452995,1,neurotronix/mauermann.io
234790310,1,nerdinand/King-under-the-Mountain-Community-Translations
230509168,1,neurowired/musculoskeletal_approximations_figures
232346540,1,gzaura/akaniikvepimui
233619477,1,neurozetta/Presales_stocks_demo
232064391,1,nephix/bootstrapped-me
234128356,1,gzare/SSR-To-Clash-Subscribe
228383832,1,neurudan/VGG-Speaker-Recognition
236792559,1,neusernow/wordsource
232477624,1,nephlin7/gatsby-plugin-csp
178226666,1,gzandiemer/PickinCoin
73160628,1,nephre/docker-custom-build-environment-plugin
188615014,1,nerdify/styled-system-primitives
219325590,1,gzalo/fortnitemetro
234717053,1,neverbeenthisweeb/golang-developer-guide
233464562,1,nephril/nephril
221664647,1,nephros/gentoo
233170120,1,neverac/2020Winter
235173320,1,ner553/coffee_ordering_app
236049610,1,nepler/FaZe
232380895,1,nevenbozic/neven
235172181,1,ner553/coffee_order_app
230337594,1,neptunhiker/beginnerluft
237081004,1,neptunestar999/neptunestar999
235662940,1,nevalia/Silex
235193212,1,nepruxl/LW
236229639,1,neutronsgit/verbose-enigma
186499405,1,nepsho/bvalid
236773412,1,nepstein10/set
232555910,1,neptuneWebDev/ApplyStep-react
234315313,1,neptune1997/notes
235547623,1,nevadiesel/123456798
225085435,1,nevadathetatau/rho-delta-website-3.0
234312859,1,neptune1997/MLhomework4jxufe
232418023,1,neptali04/Practice-Week4-WP
231538152,1,neptene/perf
232130338,1,neptune0412/neptune
235096281,1,neuzacardoso/Neuza
235871774,1,neptoon12/Win
237075293,1,neptunDelphinatievich/voda
104871582,1,nepttune/nepttune
223552374,1,neptunius/rainbowspace
236277717,1,nepridumalnik/Android-Generate-Qr-code-and-Print
212311951,1,neutronjs/neutron-docusaurus
219427050,1,neveleneve/peminjaman-tools
235177744,1,ner553/coffee_order
235134963,1,ner553/coffee_app
235191368,1,ner553/Coffee_Task
236363995,1,nevenageorgieva/TelerikAcademy-Exercises
233334942,1,nepnep31/laravel-clone-database-to-migrate-and-seed-
233081303,1,nevena1996/ToDo
231591705,1,ner-aim/Student-Portal
234263326,1,nevena-kolosek/Test
236848416,1,neutrolorenz/wasabi_storage
231419994,1,nepu-yangjiaxiang/GP
231478245,1,nevelbeats/project
85345288,1,neuroconductor/extrantsr
231757043,1,ner-aim/Box-Shooter
221431712,1,neutronchain/neutronchain
235853862,1,nevatiarishabh/sports-complex-booking
233317164,1,nepphhh/RealismOverhaul
231489906,1,nepugxd/helloword
233360852,1,nevanhidayat123/insidhe-zipper
226246989,1,nephina/Indeed-O-Matic
232465126,1,gzavaglia/npm-lab-online-web-pt-041519
231824768,1,neuronatalia22/Neural-Network-Interfaces
237214833,1,gzd61/OCPExamWorking
233500409,1,nerds-odd-e/tcr_and_limbo
235732734,1,nerds-codding/KotlinAndroid
230913931,1,gzcisco720/go-eshop
231889211,1,gzc453645620/PodName02
232666075,1,nerds-at-infino/themelio-v2
182988664,1,neuronlabs/neuron-mongo
213919361,1,nerds-and-company/svg-sprite-loader
187985951,1,neurons-platform/neurons_script
234859286,1,nepalprabin/nepalprabin.github.io
97680714,1,nerds-and-company/docker-heroku-php
101852805,1,nerds-and-company/craft-menu-plugin
155526861,1,nerdroychan/dotfiles
221077162,1,neuropoly/medicaltorch
32258529,1,gzc/leetcode
7207953,1,nepda/youtrack-client
232705516,1,gzbtc/gzbtc.github.io
232665199,1,nepella/vagrant
218772287,1,nepella/vim
231953401,1,gzblog/bloG
233866556,1,gzcy13/android_weather-master
176779446,1,gzdgtech/flutter
233462770,1,gzavaglia/react-dynamic-components-lab-online-web-pt-041519
228304838,1,neuronets/progressivegan3d
66372213,1,nepada/texy-nette
204911980,1,neuronetio/deep-state-observer
232269149,1,gzeinnumer/ScopeRunLetApplyAlsoktUnitTesting
232154744,1,gzeinnumer/ArchitectureComponentKotlinMVVMKoin
78512879,1,neuronetio/eventorjs
232748295,1,gze1206/DischargeCounter
138396301,1,neuronetio/gantt-elastic
181570084,1,neuronetio/gantt-elastic-header
234063255,1,nepalprabin/django-rest-api
84739957,1,neuronetio/generate-uid
112930285,1,nerdvibe/LiskPaper
99044587,1,nerdvibe/CryptoReact-
236373844,1,nerdtraining/automatic-octo-pancake
162041214,1,neuronetio/project-manager
179416134,1,gzdzss/gzdzss-oauth2
213787761,1,neuronetio/vido
176044055,1,neuronetio/vue-gantt-elastic
237165871,1,nerdsume/myRepository
232634786,1,gzdwsu/RaiderSMA
236517038,1,gzbit/react-fauna-notes
218212111,1,neuropsychology/NeuroKit
236708345,1,gzbit/gatsby-new
234661930,1,neuropupheaval/brownianmotionanalogy
224973961,1,neurostyles/neurostyles
234996998,1,gzavaglia/react-using-callbacks-to-pass-information-lab-online-web-pt-041519
29497263,1,neurosutras/CA1Sim
235906569,1,gzavaglia/react-updating-state-online-web-pt-041519
235908334,1,gzavaglia/react-updating-state-lab-online-web-pt-041519
233460535,1,gzavaglia/react-static-components-lab-online-web-pt-041519
205944511,1,nerdlabs001-dev/coppercoin2020
236425223,1,neuroteams/LSTabiloM
234812823,1,gzavaglia/react-simple-state-lab-online-web-pt-041519
213244608,1,neurotech-berkeley/muse-workshops
233466216,1,gzavaglia/react-props-movie-lab-online-web-pt-041519
235916244,1,gzavaglia/react-props-and-state-lab-online-web-pt-041519
233498748,1,nerdkid93/react-beautiful-dnd
234996381,1,gzavaglia/react-initial-state-lab-online-web-pt-041519
235913450,1,gzavaglia/react-forms-online-web-pt-041519
235914436,1,gzavaglia/react-forms-lab-online-web-pt-041519
235904290,1,gzavaglia/react-events-in-detail-lab-online-web-pt-041519
234810254,1,gzavaglia/react-events-crash-course-lab-online-web-pt-041519
235901034,1,gzavaglia/react-event-system-lab-online-web-pt-041519
228903736,1,neurostuff/PyMARE
147455904,1,neurosnap/robodux
177159890,1,gzavvo/dotfiles
200763726,1,neuroscr/loki-binance-bridge
92522975,1,neuropycon/ephypype
231766074,1,nerdoka/nerdoka
228103829,1,nerdocs/vue-extensions
225337909,1,neurorulez/jt_gng
235674804,1,neuroscience-runner/yoda-run
228105801,1,nerdocs/vue-cli-plugin-extensions
187573959,1,nevadajames/guineu
226456485,1,gzbbxu/ffmpeg
223067319,1,gzbbxu/c-c-java
118128936,1,nephila/github-labels
231776410,1,nerdmarombeiro/Pedro
190780448,1,nepeters/pyReducePF
233499933,1,nerdmaennchen/qrqma
236834340,1,nerdmack/nerdmack
237213576,1,neurosenya/Labnote
144317065,1,nerdling/fooda_bot
46313777,1,nephelaiio/ansible-playbooks
20273629,1,nephila/djangocms-page-sitemap
236583288,1,nerdocs/pph
235077195,1,netever/GraduateWork
212188307,1,neuroconductor/alvin
161218405,1,netology-code/bjs-diplom
231339,1,net-ssh/net-ssh
203544470,1,net-lmcd/reatcive-streams-spring
232413979,1,netogramacho/vicmape
229525492,1,net-lisias-kspu/TacFuelBalancer
230971514,1,net-ka/mern-short-links-creator
231657195,1,net-gain-seo/react-native-web-test
99131297,1,net-gain-seo/industrialsafetytrainers
231496001,1,net-110/sql
235622844,1,netolee/Hello-World-by-Neto
235994973,1,netolee/netotest
229632787,1,netolee/projeto1
224941624,1,neswarreddy/Imported-maven-web-application-o
230116702,1,netology-code/javaqa-homeworks
197267936,1,nestordominguez/lbry-desktop
165209993,1,netology-group/foxford-docs-utils
187184136,1,netology-group/janus-gateway
119979332,1,netology-group/mqtt-gateway
235615764,1,nestorwheelock/bench-autocomplete
232820484,1,netology-group/ui
231210416,1,netomi/bat
224094630,1,nestorsgarzonc/Fundamentals-of-Machine-learning
92885113,1,nestorrente/jardump
234358450,1,nestorm9/devtraining-needit-newyork
232941164,1,netorch/citacoes
235428879,1,netorrespanez/prueba
161485830,1,nestorhdez/PortfolioNHH
221586180,1,netoferraz/pocket-auto-classifier
75315181,1,net-tools/cloudconvert
83120008,1,net-tools/simple_framework
210058446,1,netocris/travelplanning
190791363,1,netml/sonet
156185847,1,netmod-wg/artwork-folding
235546947,1,netQuack/botNasir
234860551,1,netQuack/ChatterBot
235704113,1,netnaive/tf2-plugin
208991537,1,netDalek/kashka
233619215,1,netner123/facebookHack
231208602,1,net4money/little-cat
232641066,1,netnull/mybrain
232643638,1,netnull/mybrainlte
234321086,1,neto-77/local
232203268,1,neto-developer/legislativomunicipal-obs
232642302,1,net3000/allpennystocks
231771374,1,neto1tavora/flecha
233690010,1,neto2101/DevNEt0
235793122,1,net100/100
233299887,1,net0218game/david.net
233924099,1,netoacrj/reporastcdr
233115619,1,net0218game/AndroidShare
233082852,1,netoamp/amp-dev
231736703,1,net-wayfarer/ArchStrike
224520023,1,netoary/graph-decomposition
236733955,1,netocd/seed
233434154,1,netochaves/gatsby-pt-BR
6444277,1,net-uk-sweet/cloud
234094213,1,nestorfolta/px4_sim
225012306,1,netoudi/codeflix-microservice-videos-frontend
191782393,1,netZoo/netZooPy
62141913,1,netrunner-odroid/c1-live-build-core
206508665,1,nestjs/enterprise.nestjs.com
206559346,1,nestjs/courses.nestjs.com
229337088,1,netrixone/s3mon
216061929,1,nestfarm/staruml-nestjs
113504552,1,nestevez/snoop-scoop
232750356,1,netroby/yskpangyuan-tiange
236384879,1,nesteroff/sigma-tcp
192072484,1,netromdk/homebrew-tap
232467659,1,nestermn/maxmind
234937796,1,netrounds-bart/test
231599270,1,netroy/saasify
141599129,1,nesteralready/siteonly
203448477,1,netsage-project/Netsage-SankeyV2
234188835,1,nestordialpad/repo3
106009828,1,nested-tech/closex
235560465,1,netsan/php7-ext-learn
234698498,1,nested-loop/hello-world2
78527207,1,netsec-ethz/rains
234022690,1,netsekov/Pavel
162711908,1,netsells/NSUtils-Android
231513305,1,netseraph/Start
88700745,1,netsharkgithub/netshark
200384252,1,nestand/Lesson3
222898322,1,netshiaMR/ng-co
231182854,1,netsilence/Leo
236325916,1,nestaenow/c-nesta
145749983,1,nestjs/nestjs.com
83135958,1,nestjs/typescript-starter
91094390,1,netresearch/t3x-rte_ckeditor_image
234093638,1,netresearch/online-retoure-m1
150839998,1,nestordemeure/chromosomes
195560968,1,nestordemeure/Simplers
232085568,1,netpcvnn/craft_keras_document
224063235,1,netpok/socialite
232271078,1,netpolitanteamcom/mbeat_app
170208930,1,nestorarrabal/Cleaning-CSV
131196617,1,netpyoung/nf.bot-flow
103555248,1,netpyoung/unity.webp
235518888,1,nestor98/django-csvimport
235890249,1,netrabadami/WebFundamentals
236098186,1,netrabadami/python_belt
235887253,1,netrabadami/python_stack
235073548,1,netrahmani/interns_one
236057946,1,nestor2200/readme
232998582,1,netraluis/p
235566904,1,netrana/darji
235589880,1,netrana/darji.github.io
198293328,1,nestoor22/apartmentML
207150411,1,nestoor22/PredictAPI
235584384,1,nestlesarong/zian
235515036,1,nestle77/nestle77
121422952,1,nestlabs/nlutilities
62733004,1,netresearch/System_Folders
209271970,1,netresearch/dhl-online-retoure-m1
133998889,1,nestjsx/crud
189041983,1,netZoo/netZooM
235502362,1,neta1o/Rainbow-Poem
105678554,1,netsmarttech/nodepccc
63241752,1,netceteragroup/skele
233967826,1,netgspy/netgspy
116670675,1,netguru/BlueSwift
168128945,1,netguru/awesome-list
221471167,1,netcode/vulnerable-nodejs-project
229938372,1,netcode/express-mongoose-es6-rest-api
190571354,1,netguru/heroes-api
66070662,1,netguru/ng-dockerfiles
219499504,1,netguru/sync-aws-extend-switch-roles
236559039,1,netguru7575/test
66355379,1,netchampfaris/erpnext_com
234574623,1,nethajim111/shoppingcart
17959249,1,netceteragroup/valdr-bean-validation
233713736,1,nethalo/percona-docker
191181101,1,nethesis/dante
234226375,1,nethanelkohen/weather-app
236273116,1,netbrmano/umbrela
146515537,1,nethask/qsh
236319830,1,netbrmano/atualiza
236446465,1,nethenzeniJuarez/Ritshidze
231158168,1,netherSAYnether/Natours
237080979,1,netboy69/awake-template
233768646,1,nethereal/SR2Logger
113478777,1,netheril96/homebrew-core
33773866,1,netheril96/securefs
234383667,1,netboy3/LabSeven_vcvrack_plugins
62183066,1,netbox-community/go-netbox
126584935,1,netgen/ezplatform-search-extra
185197399,1,netcore-jsa/radman
145001488,1,netgen-layouts/layouts-ui
145000181,1,netgen-layouts/layouts-core
233385955,1,netfarm/l10n-italy
236521418,1,netfarm/l10n-italy
233618293,1,netergart/normalize.css
231062394,1,netfere/netfere-element-template
233069205,1,netfireapo/test
207800044,1,netelli/springmvcdemo
216004748,1,netelli/spring-security-demo
219700813,1,netelli/spring-rest-demo
220988171,1,netelli/spring-crm-rest-demo
232077252,1,neteler/snaphu
236003691,1,neteler/openeo-r-client
223168660,1,netflie/componentes
41851334,1,netease-im/NIM_iOS_UIKit
232352742,1,netflix999871/test1
179086373,1,netease-im/AudioChatRoom
235756511,1,netdeveloper1job/myrepgitary
212598784,1,netfoundry/ziti-doc
236877213,1,netdata/traefik-helm-chart
220107183,1,netdata/stargazers
160094242,1,netdash/netdash
235470416,1,netd777/flutter-hooks-fab-animation-tutorial
234047118,1,netcrobat/qvvadd
212182953,1,netgaintechnology/orb-prebuild-orb
233684228,1,netgaintechnology/terraform-aws-vpc
173844972,1,netcorner/sqlmapper
232433089,1,nethersells/sander
121759644,1,nethesis/dartagnan
235503311,1,neta1o/aws-codeguru-profiler-sample-application
197327155,1,netajik/etas-backend
231542719,1,netkitio/netkit.io
125223424,1,netarchivesuite/netarchivesuite-docker-compose
231530051,1,netlawe/netnetlawe
234095026,1,netapp-iseult/hello-CCS-world
217512685,1,netapp-devops/course
92405328,1,netapau/net
186781282,1,netless-io/docs
206231611,1,netless-io/white-fast-web-sdk
233057766,1,netanelAmz/Netanel-testMatrix
233057928,1,netanelAmz/CountriesTest
232067603,1,netanel83/Java-Heap
234809129,1,netanel094/netanel094
62554992,1,netlify/gocommerce
212112112,1,nethesis/falconieri
232135911,1,netai-ucsb/cs293N
236361639,1,netaglazer/tcr_classification_CNN_1
57000527,1,netlify/open-api
236360205,1,netaglazer/tcr_classification_CNN
75973154,1,netlify/templates
236351533,1,netaglazer/tcr_classification_CNN
236362225,1,netaglazer/neta1
236362122,1,netaglazer/neta
234550747,1,netager1007/ML
231891202,1,netluo2003/netluo
236304570,1,netmailAShan/test
231368693,1,neta767/netaly-kleman-01-02-2020
236091906,1,netkicorp/transactid-library-java
232123772,1,netastro/Padavan-build
229854263,1,netatom/dapp
225159113,1,netbatblue/for-demo
207807845,1,nethesis/nethcti-app-android
207268882,1,nethesis/nethifier
216759116,1,nethesis/nethserver-tancredi
22422654,1,nethesis/nethvoice-docs
225530802,1,netbootxyz/webapp
234749045,1,nethings/raspberrypi
234748903,1,nethings/telegram
237272186,1,nethish/Delete
232707688,1,nethmi001/old-codes
129649896,1,netbootxyz/netboot.xyz-docs
213664073,1,nethzsumang/night-vision-surveillance
230264152,1,nethzsumang/sapui5-helper
233174756,1,netbob/netbob.github.io
194852450,1,neticdk/tf-aws-eks-workers
80089844,1,netifi/gradle-flatbuffers-plugin
183285709,1,netifi/netifi-java
229376402,1,netbiolab/BarleyNet
134972066,1,netbek/hyrax
233966405,1,netbeez/speedtest-cli
231305591,1,neting228/nodejs
233965164,1,netbeez/fast.com
235557459,1,netiul/api-tools-doctrine-querybuilder
199910002,1,netbears/nginx-vts
2928555,1,netbe/Babelish
167540072,1,netizen-ais/dtapkey
235071212,1,netskope-training-ds/willyoujust
173101358,1,netsoc/webspace-ng
230600376,1,neri4488/laravel-formbuilder
215758685,1,nerrixDE/DSBApi
79064782,1,neuhalje/bouncy-gpg
235318142,1,neuhausf/efcore
50974710,1,neuhausi/canvasXpress
226204196,1,neuhausi/canvasxpress-cli
184743097,1,neuhausi/canvasxpress-node
226203641,1,neuhausi/canvasxpress-react
235723680,1,nersus15/hipelmas
190350069,1,neuhis/NEUHIS
4052581,1,neuland/jade4j
164922842,1,neulandagentur/adobe-stock-image-bot
154093048,1,nerrorsec/GoogleDorker
177101011,1,neulandagentur/showcases
128680878,1,neuledge/website
223510843,1,neuml/py27hash
218073747,1,neuli1980/ExcelMapper
224678637,1,neulii/myWindow
232630222,1,nerox8664/tinydngloader
232353111,1,nerox8664/awesome
236979355,1,nerotoskype/kim
208861365,1,nerosketch/easysnmp
232181100,1,neumannd/cf-conventions
218263690,1,neumannm/zbiw-data-librarian-module2-1
234902840,1,neroransom/neroransom.github.io
236599354,1,neumantm/nixpkgs
231451791,1,neroov/novela-hugo-starter
231924452,1,neroov/ben
216389695,1,neuguotian/demo01
229261671,1,neugedacht/Lyra
231639272,1,nersvahe/new-start
113245127,1,nert-nlp/streusle
194566880,1,netzbegruenung/handbuch.gruene.social
235577432,1,nerverid/for-students
236945202,1,netzguerilla/ajax-solr
233009928,1,nervepoison/vue-antd-demo
30076353,1,netzmacht/contao-toolkit
25740241,1,netzmacht/contao-workflow
26176077,1,netzmacht/workflow
229434832,1,netzon/android-kotlin-recipes
119040965,1,netzstrategen/gulp-task-collection
221453467,1,nervekid/kidswim
51334912,1,nervatura/nervatura
236063492,1,neruskiy/goit-js-hw-07
107793749,1,netzulo/qatestlink
236063429,1,neruskiy/goit-js-hw-06
236059737,1,neruskiy/goit-js-hw-05
236142553,1,neruskiy/Classwork
143147495,1,nerudaj/dsh
206823223,1,neu5ron/sigma
109190253,1,nerudaj/DGM
236558981,1,neubauerc/cneubauer
237006404,1,nertpinx/virt-v2v
138699647,1,neubi4/icingaweb2-module-director
182980522,1,nertpinx/v2v-conversion-host
183229376,1,neuenablingengineering/Emotions-Me
231967913,1,nerthz/Nerthz
230155237,1,neumicha/Blender2Helios
226217935,1,neuml/webelapse
134645783,1,nerves-hub/nerves_hub
196263908,1,neuroconductor-devel-releases/ITKR
140204087,1,neuralknight/neuralknight
144411486,1,neuralknight/nknight
177010986,1,neuralmed/progressive_growing_of_gans
236136300,1,nerodroid/GitHub-Event-Jaffna
188205339,1,neurips-2019-fault-tolerance/code
188267949,1,neurips2019submission/Formal-Language-Constraints-for-Markov-Decision-Processes
224320179,1,nerocui/Comet
228652122,1,neuro-sys/typeorm
69604726,1,neuroailab/tfutils
156485310,1,nerocrux/fosite
233234669,1,nerobbel/Basic
194300645,1,neuroconductor-devel-releases/ANTsRCore
234660495,1,nermeen2711/testtt
224933612,1,neronmoon/GData
235911726,1,nermeen-mattar/ssss
158084958,1,nerko937/Generate_expenses
234950080,1,neriyad/1
235186673,1,nerivera/diep.io-Tank-Progression-Finder
232915490,1,neritoo/loginApp
232915264,1,neritoo/login-app
236174515,1,nerikh/hugo-q2
232263393,1,nerikara/svn-test
232732873,1,nerikara/play-hands-on
231728197,1,neriglissar/spotify-tui
236877695,1,neuroconductor-devel/oro.nifti
233222305,1,neri88/Neritan
234561236,1,nerohmot/keyring-feedstock
144407304,1,neuralknight/backend-views
233865729,1,nerohmot/opcua-feedstock
228679718,1,neuralinfo/data-x
235617733,1,neronex/testeeee
235617580,1,neronex/testeee
217652584,1,neuneu39/nlp_demo_app
235246496,1,neunghod/neung
235267305,1,neupaganism/splash
235712524,1,neupane11/Adv-JS-sneupane
235713676,1,neupane11/CS3-sneupane
232315182,1,neupanedipen/dneupane.github.io
212982497,1,neupat/qiskit-terra
235630687,1,neron90ue4/GameplayProgrammer-4.24
235623263,1,neron90ue4/DriverGame-4.24
234624183,1,neuqlzy/LzyPersonalWebsite
234875921,1,neuqlzy/demo-webapp
36981136,1,neroma/neroma-chat
229668710,1,neuracle/neuracle-eegfile-reader
216901866,1,neuracr/goodwatch
234561419,1,nerohmot/xdg-feedstock
234312142,1,nerohmot/wurlitzer-feedstock
234062904,1,nerohmot/wurlitzer-feedstock
233927563,1,nerohmot/wurlitzer-feedstock
233892729,1,nerohmot/pyvisa-py-feedstock
233920641,1,nerohmot/pyvisa-feedstock
234561348,1,nerohmot/python-language-server-feedstock
234561299,1,nerohmot/pylint-feedstock
229778093,1,neuralhalation/type-ahead-word-challenge
127955715,1,netzbegruenung/green-spider
144474829,1,nerves-hub/nerves_hub_cli
233001473,1,netsparker-qa/5.6-Release-TEST
221228187,1,nettyrnp/ads-crawler
231178430,1,ness10100111/MONess
235308167,1,nesrmax/the_movie_application_final
101647614,1,nettrine/fixtures
83539521,1,nettrine/migrations
83539422,1,nettrine/orm
237214782,1,nesrine26/Nesrine-Hedhili
19016985,1,netty/netty-tcnative
232291737,1,nesrine1296/coding_12_les_chefs
233049946,1,netty1010/algorithm
232831165,1,nesrine-2012/nesrine
206475633,1,nesreensada/GAN
114652969,1,nespresso/terraform-module-rancher-server-azure-vm
236382768,1,nespera/nushell.github.io
235670660,1,neslepacks/Jubee
234086135,1,nesovera/microjs.com
225978000,1,nesnip/LIM011-fe-social-network
234599806,1,nesnip/LIM011-fe-md-links
167354912,1,nesmyslny/dotfiles
234907759,1,netux/PxlsBot
204237080,1,netux/docker-pxls.space
233919002,1,netux/lana-bot
234092864,1,nesmacis91/Nesma-Mohamed
231344868,1,netvl/slog
233406432,1,neslimanka/DataStructure
84602625,1,neslihanturan/apps-android-commons
236506216,1,neslihansalimoglu/Happiness
235648309,1,nessB1/ness-bee
166796562,1,nettigo/air-monitor
171394790,1,nettee/gold-miner
210737658,1,nettee/bloom
237026915,1,netspykhlia/layout
234308760,1,nest420/rebrain-devops-task-checkout
233434620,1,nest340kind/joseph-nash
236299097,1,netstalkerrr/topbus.github.io
233444018,1,nest340kind/joseph
195576307,1,nest-ionic-examples/photo-upload
209687659,1,netsugo/ViciNet
236942955,1,netsup99/CRUD-OneTable-Blazor-Server
236943241,1,netsup99/https-github.com-netsup99-CRUD-OneTable-Blazor-Server
222389305,1,nest-cloud/nestcloud-etcd-starter
236934958,1,nessublime/Practicas-ASI
231983369,1,nessrinhlaimi/lmmkm
196616036,1,nessphp/application
233155679,1,nessowo/2020Jan1012E01
233176389,1,nesso-pfl/asdf-rust
236637647,1,nessialaxmyhestia/nessialaxmyhestia
233340514,1,nettam-lcs/LeeChangSeock
69015567,1,nette/coding-standard
17693993,1,nette/di
17943273,1,nette/finder
14788795,1,nette/forms
178221375,1,nette/schema
17694090,1,nette/security
6720847,1,nette/tracy
33126195,1,nette/web-project
199872589,1,neslihan-a1/gitbatch
135111471,1,nesl/adversarial_genattack
225679988,1,nerves-networking/vintage_net_wifi
192558467,1,networkteam/Networkteam.Import.FlowAdaptor
95211223,1,networklocum/prometheus-django
67836637,1,networknt/light-4j
104355579,1,networknt/light-doc
235794799,1,nesara009/tt
80305142,1,networknt/microservices-framework-benchmark
236411140,1,nesara009/nesara
234009721,1,networknuts/terraformmorning
233264966,1,networkop/examples
236194823,1,networksaint/safeplatinum
127937836,1,networkservicemesh/networkservicemesh
233575091,1,nesa0102/Snorlax
236436692,1,nes10/nesterenko.github.io
231755208,1,nerzhul/simc
234582828,1,neskweek/IMP
57225950,1,networktocode/ntc-templates
166633721,1,nervosnetwork/merkle-tree
100761657,1,networld-to/homecontrol
236062702,1,networld4you/hello-world
231493419,1,nervlim/nerve
115737919,1,netxfly/x-crack
232945347,1,nety6/lupita
186765704,1,nervetattoo/banner-card
236938643,1,nervetattoo/Zwave2Mqtt
83444348,1,nerves-project/nerves_runtime
236237711,1,nerves-project/nerves_fw_loaders
3341630,1,nerves-project/nerves-project.github.com
80919805,1,networkit/networkit
231569587,1,nesaro/bugwarrior
6814646,1,networking/init-cms-sandbox
237017483,1,networkhell/pve-snapbackup
234085570,1,netwitness/test
235167091,1,nesirli/100daysOfCode
236627609,1,nesiofreitas/nof
231910947,1,nesimimemmedov1/transportation
236483237,1,netwons/hhhh
187156001,1,network-international/payment-sdk-android
183870266,1,network-international/payment-sdk-ios
231884282,1,network-of-arts/terraform-provider-stripe
227687676,1,nesherson/Omnifood-Website-Design
231267707,1,nesheep5/documents
232662302,1,neshdiaz/mega
233181418,1,neshborana/vuetest
231463183,1,nesh02/denesh
161167076,1,nesfit/fitcrack
160356573,1,nesfit/ICS
231810094,1,networkdoc/factorio-clusterio_2.0
231810147,1,networkdoc/factorio-clusterio_2.0_docker
222170110,1,networked-aframe/naf-easyrtc-adapter
231883136,1,nese7788/game
97014480,1,nesdis/djongo
232192950,1,networkfrau/repos
232401149,1,nescuadra/nancy-escuadra
235949849,1,neschal/tryGit
77920383,1,nesbox/TIC-80
206540826,1,nesazeri/forecast1
231767061,1,neotus75/pasteries
